geographic area name,state,metro-micro,id,population_16_up,unemployment_rate,commute_own_transport_alone,commute_carpool,commute_public,commute_walk,commute_other,commute_WFH,mean_minutes_to_work,household_income_less_10k,household_income_10k-15k,household_income_15k-25k,household_income_25k-35k,household_income_35k-50k,household_income_50k-75k,household_income_75k-100k,household_income_100k-150k,household_income_150k-200k,household_income_over_200k,median_household_income,mean-median,percent_households_receiving_SS,percent_households_receiving_retirement,mean_retirement_income,percent_private_health_ins,percent_public_health_ins,percent_no_health_ins,percent_in_poverty_last_12_months
Aberdeen,WA,Micro,310M400US10140,61308,4.6,79.2,8.9,0.5,3.1,2.9,5.4,26.7,8.4,4.1,12.8,12.3,13.6,22.7,11.1,9.5,3.4,2.1,48255,13525,49.6,25.6,22595,53.5,55.7,8.1,9.2
Abilene,TX,Metro,310M400US10180,136605,3.7,77.7,13.2,0.1,1.9,1.5,5.6,18.4,5.5,5.6,10,12.9,17.7,16.1,11.7,12.4,4.4,3.6,48021,18704,31.1,20.7,22444,62.8,33.7,15.9,10.9
Adrian,MI,Micro,310M400US10300,79720,3.9,84.6,7.5,0,3.1,1.3,3.6,24.7,4.2,4.6,10.5,10.4,14.9,21.1,14.3,13.7,3.1,3.3,55378,14948,39.4,25.5,19760,72.2,41.7,4.1,5.9
Aguadilla-Isabela,PR,Metro,310M400US10380,249121,14.5,85.4,7.7,0.2,2.3,2,2.5,26.9,30.2,14.5,20.1,11.6,10.3,7.8,2.4,1.8,0.5,0.7,17064,10214,47.4,14.9,22026,28.9,70.4,5.6,46.9
Akron,OH,Metro,310M400US10420,580989,5.5,83,7.7,1.6,1.7,0.7,5.3,24,5.8,4.3,10.2,8.9,12.7,17.7,14,15.3,6,5,60019,19773,33.4,21.5,27158,71.4,36.4,5.5,7.5
Alamogordo,NM,Micro,310M400US10460,53166,5.2,82.4,8.3,1,2.3,0.8,5.2,20,15.1,5.5,10.3,10.1,16.5,19.7,11.2,7,3.3,1.4,42591,11010,35,22.2,35757,51.6,54.2,8.8,14.9
Albany,OR,Metro,310M400US10540,102520,6,79.3,11.9,0.1,1.4,1.8,5.5,23.7,4,5.4,10.4,8.1,17.1,22.3,12.2,13.3,3.9,3.3,54113,14876,37.6,21,22918,62,45.1,7,9.5
Albany,GA,Metro,310M400US10500,118813,9.2,83.6,10.6,0.1,1.6,0.9,3.1,21.3,11.9,5.9,10.5,10.4,17.4,19.7,9.6,9.3,3.3,2,44896,14549,32.9,16.3,26250,54,40.5,16.6,19.7
Albany-Schenectady-Troy,NY,Metro,310M400US10580,732924,4.9,79.4,8.1,3.5,3.4,1.2,4.5,22.9,4.8,3.4,8,7.6,11.4,17.3,13.8,19.3,7.7,6.6,71301,18645,33.6,23.9,33137,77.5,35.3,3.4,5.8
Albertville,AL,Micro,310M400US10700,74664,4.4,85.5,8.1,1,0.7,0.4,4.3,25.8,8.9,8,12.4,9.6,12.4,19.1,12.6,11.2,3.2,2.8,47528,15938,37.1,19.4,29804,65.4,38.4,10.3,14.8
Albuquerque,NM,Metro,310M400US10740,739062,6,78.6,12.1,1.4,1.3,1.6,5,24.2,8.4,5.4,10.3,10.6,14.2,18.1,11.3,12.7,4.6,4.6,51134,20295,32.8,21.3,30084,59.6,44.7,8.9,11.3
Alexandria,LA,Metro,310M400US10780,120480,7.3,85.3,7.3,1.2,2.1,2.6,1.5,23.3,10.3,4.2,11.8,11.9,14.8,14.1,12.4,13.9,3.9,2.5,47391,16870,34.2,23.2,27049,56.8,49.7,7.2,13.2
Allentown-Bethlehem-Easton,PA-NJ,Metro,310M400US10900,687174,5.5,80.8,8.8,1.7,2.3,1.6,4.7,27.6,4.5,3.7,9,9.1,12.8,17,13.6,16.5,7.1,6.8,65929,20457,36.6,22,22154,72.3,36.2,5.6,7.5
Altoona,PA,Metro,310M400US11020,101683,3.9,84.5,6.2,2.4,2.3,0.6,4.1,19,6.5,7.1,10.9,11.5,14.1,16.8,14.9,12.5,2.6,3,49942,16153,40.6,19.7,19255,69.5,44,5,9.4
Amarillo,TX,Metro,310M400US11100,206657,3.3,85.5,7.3,0.2,2.6,0.8,3.6,19.4,6.7,4.7,10,12.2,12.3,19.9,11.5,13.5,4.5,4.8,53087,20185,26.3,16,22889,67.3,27.7,15.6,9.5
Ames,IA,Metro,310M400US11180,83876,5.7,70,8,7.7,6.9,2.6,4.8,18.2,12.5,5,7.5,6.8,13.8,20,10.9,15.3,3.8,4.4,54586,14479,20.9,14.2,27331,83.7,21.5,5.5,8.1
Anchorage,AK,Metro,310M400US11260,310040,6.1,75.6,11,1.3,2.3,4.8,5.1,23,4.1,2.8,5.7,5.6,9.9,18.8,13.7,19.6,9.6,10.3,81037,21992,21.5,19.5,34513,67.1,32.8,12.1,6.6
Ann Arbor,MI,Metro,310M400US11460,310952,4.8,70.6,7.6,5.5,8.2,2.2,5.9,24.6,8.5,3.4,7.7,6.5,10.7,15,12.1,15.6,9.7,10.9,71860,29829,26.4,17.5,31626,82.1,27.1,4.2,6.9
Anniston-Oxford-Jacksonville,AL,Metro,310M400US11500,93284,8.1,83.5,10.5,0.7,2.1,0.3,2.9,25.6,9.6,5.7,15.7,9.8,11.1,18,13,11.4,3.4,2.2,45818,15299,41.5,25.9,20846,66.9,41.9,8.4,15.8
Appleton,WI,Metro,310M400US11540,188041,2.6,85.8,6.4,0.4,2,0.8,4.5,19.8,3.2,4.5,7.9,8.5,12.4,19.8,15.9,17.3,5.9,4.7,65826,16266,29.6,16.4,19405,79.3,26.6,4.7,5.2
Arecibo,PR,Metro,310M400US11640,146410,12.9,93.7,2.1,0.2,1.3,0.6,2,26.5,31,12.5,19.9,10.5,13.4,8.1,2.7,1.3,0.2,0.4,17347,9354,52.6,15.9,14261,28.7,69.3,5.8,44.2
Asheville,NC,Metro,310M400US11700,384753,3.2,78.8,8.2,0.5,2.1,1.1,9.3,21.2,4.7,6,10.8,12.1,13.6,18.5,11.8,13.3,4.1,5,52410,22796,39.6,22.8,24891,68.5,36.3,10.4,6.1
Ashtabula,OH,Micro,310M400US11780,78547,8.5,85.6,6.9,0.3,2.6,0.8,3.7,25.3,11.3,6.3,12.6,8.7,14.8,17.9,12.6,10.9,3.8,1.1,46349,14015,38.5,22.6,24562,63.3,41.7,10.7,14.5
Athens,TX,Micro,310M400US11980,66409,5.8,81.5,10.4,0,0.7,0,7.3,32,6.4,10.1,14.5,12.2,13.3,16.1,9,11.1,3.4,4,42020,22799,46.1,23.3,23147,48.5,44.6,20,15.9
Athens,OH,Micro,310M400US11900,57409,7.9,70.9,8.1,2.1,12.9,3.1,2.9,21.1,14.5,8.4,12.3,12,14.5,11.1,11.3,11.3,3.4,1.2,36944,16016,29.3,21.4,29077,70.4,33.7,5.1,19.3
Athens-Clarke County,GA,Metro,310M400US12020,174202,5.1,76.1,11.5,2.4,2.5,2.1,5.4,22.4,9.5,4,11.1,10.9,13.2,16.2,11.9,13.5,4.4,5.3,51503,21609,28.2,17,28706,66.8,29.8,13.3,10.7
Atlanta-Sandy Springs-Roswell,GA,Metro,310M400US12060,4676101,4.2,77.3,8.9,3,1.3,2,7.6,32.5,5.3,2.9,7.6,7.8,12.2,17.9,13.1,16.5,7.5,9.1,69464,26012,25,16.3,27673,68.7,27,13.2,8.4
Atlantic City-Hammonton,NJ,Metro,310M400US12100,216076,7.4,78.3,9.3,4.7,3.4,1.1,3.1,24.8,6,4,9.1,7.4,12.7,19.2,12.2,16.5,5.9,7.1,61212,23568,35.2,22,28810,67.1,38.2,7.9,10.2
Auburn,NY,Micro,310M400US12180,63827,3.8,81.5,7.2,0.6,5.3,1.4,4,22,5.2,4.3,10,9.3,18.8,16.5,13.3,15.8,3.4,3.4,52376,19650,36.5,26.3,21456,70.8,40.9,3.4,8
Auburn-Opelika,AL,Metro,310M400US12220,132509,5.8,83.2,8.2,1.2,2.5,0.8,4.1,22,13.6,5.7,11.4,10.4,10.8,12.5,11.4,13.6,5.3,5.3,46456,26814,27.1,17.3,27543,74.6,29.1,7.8,11.9
Augusta-Richmond County,GA-SC,Metro,310M400US12260,482200,5.7,83.9,8.5,0.6,1.7,1.4,4,24.7,7.8,5.7,10.9,10,12.8,18.1,12.5,12,5.9,4.3,52696,19330,34.8,23.3,28275,66,37.6,10.5,10.7
Augusta-Waterville,ME,Micro,310M400US12300,102156,3.1,80.9,11.2,0,2.8,1,4,23.8,5.5,5.3,11.2,11.5,15.2,18.3,13,13.6,3.3,3,51653,16418,37.6,22.7,21915,71.5,37.7,7.3,6.9
Austin-Round Rock,TX,Metro,310M400US12420,1725649,4.4,76.9,8.7,1.9,1.9,1.9,8.7,27.4,4.9,2.8,5.8,7,10.8,17.2,12.9,18.2,9.1,11.3,76925,28587,20.4,14.4,31492,74.5,22,12.6,7.4
Bakersfield,CA,Metro,310M400US12540,664871,8.9,80.1,12.8,0.9,0.9,1.4,3.9,23.5,7.7,5.7,10.8,10.7,13.4,17.4,11.7,12.9,5.4,4.3,51579,19862,27.5,14.5,32802,50.1,49.6,8.3,16.9
Baltimore-Columbia-Towson,MD,Metro,310M400US12580,2257415,4.7,77,8,6,2.4,1.4,5.3,31.8,5.6,3.3,6,6.1,10.1,15.8,13,18.4,9.9,11.7,80469,25178,30.1,21.4,31745,74.6,33.8,4.8,6.8
Bangor,ME,Metro,310M400US12620,127364,3.7,79.1,8.7,0.2,5,2.8,4.3,20.7,8.1,7.7,12.1,10,14.2,16.5,14.1,10.9,3.7,2.8,47217,17524,36.7,19.3,21453,66.3,40.4,9.8,10.2
Barnstable Town,MA,Metro,310M400US12700,185817,4,78.2,9.4,1.2,3.1,1.2,6.9,24.2,3.9,3.1,7.3,9.6,11.3,18.6,12.4,17.1,7.4,9.4,68902,25541,47.6,27,35675,73.2,49.8,3.8,5.4
Baton Rouge,LA,Metro,310M400US12940,658414,5.4,84,9.1,0.9,1.9,1.3,2.9,27.2,8.4,3.3,10.1,9.8,11.9,16.6,11,14.9,7.1,7,57843,25582,27.5,19.4,28374,64.8,38.6,7.4,9.7
Battle Creek,MI,Metro,310M400US12980,106995,5.7,81.7,9.5,1.5,2.6,1.7,3,21.1,6.3,4.7,11.4,13.8,15.5,20.3,11,11,3,3,47204,15158,35.2,22.5,21773,66.6,41.9,6,14.2
Bay City,MI,Metro,310M400US13020,86290,4.9,86.2,6,0.3,1.9,2,3.7,22.7,5.9,4.7,10.7,11.2,16.6,20.7,11.3,12.4,4.4,2,50606,15848,41.5,28.1,18629,69.3,44.3,5.6,12.6
Beaumont-Port Arthur,TX,Metro,310M400US13140,321236,4,86,9.2,0.5,0.8,1.1,2.3,22.1,9.1,5.9,10.7,10.7,13.2,15.8,11.5,13.3,6,3.8,50378,19929,34.5,19.2,23414,56.5,35.7,18.7,12.6
Beaver Dam,WI,Micro,310M400US13180,72499,3.2,83.6,8.6,0.1,3.6,0.3,3.8,23.3,4.4,3.7,8.6,9.2,14.9,17.8,20.4,14.9,3.2,2.9,63077,12512,31.8,16.3,21333,79.9,31.2,4.1,6.3
Beckley,WV,Metro,310M400US13220,96654,6.6,81.7,12.1,0,2.1,1.7,2.4,29.8,10.8,8,15.6,11.3,13.3,17.3,8,11.5,2.4,1.8,38917,16832,45.1,25.1,15923,58.7,54.6,5.4,17.2
Bellingham,WA,Metro,310M400US13380,186211,4.7,76.9,9.4,2.2,2.3,2.9,6.4,22.2,6.1,4.7,8,8.8,11.8,21.1,16.2,12.9,5.7,4.6,62268,15570,33.5,19.9,26216,69.8,38,5.8,8.7
Bend-Redmond,OR,Metro,310M400US13460,156933,4.7,75.2,8.3,0.1,1.8,3.1,11.5,20.7,4.2,4.4,7.9,7.4,12.3,19.6,13.7,15.5,7.1,8,67577,24693,35.9,22,31550,67.4,37.8,8.7,7.1
Billings,MT,Metro,310M400US13740,136268,3.5,81.7,9.2,0.8,2.7,1.7,4,20.1,6.5,4.5,10.7,9.1,12.6,19.4,13.7,13.9,5.7,3.9,59623,15625,32.4,17.4,21168,74.5,36.4,5.2,7.3
Binghamton,NY,Metro,310M400US13780,199092,6.4,79.8,9.7,3.5,3.5,0.5,3,20.9,8.5,6,11,9.7,11.8,18.6,13.5,13,5.1,2.8,53199,15942,37.3,25.1,23463,68.2,44.3,3.9,10.6
Birmingham-Hoover,AL,Metro,310M400US13820,922349,5.7,84.8,8.8,0.6,0.9,0.7,4.2,26.8,7.6,5,10.2,9.2,12.3,17.7,12.7,14.2,5.5,5.7,56409,22315,35.3,20.4,24592,69.2,33.6,9.8,10
Bismarck,ND,Metro,310M400US13900,105333,2.4,84.4,8.8,0.3,1.6,0.8,4.1,19.3,3.6,3.6,5.5,8.5,11.5,19.6,13.3,21.1,8.1,5.1,70550,16859,25.3,14.9,27010,80.9,25.7,5.8,4.3
Blacksburg-Christiansburg-Radford,VA,Metro,310M400US13980,157195,3.7,79.8,8.8,2,3.7,1.9,3.8,22,11.8,5.5,11.5,8.7,12.2,20.4,12,10,4.2,3.7,50313,13303,32.4,20.3,27081,74.9,28.4,6.9,8.1
Bloomington,IL,Metro,310M400US14010,154782,3.2,79.2,9.4,0.7,4.3,1,5.4,18.3,9.7,4.2,7.4,9.2,9,17.6,13.4,15.8,7.7,5.9,64822,18571,22.6,17.1,29931,78.7,26.6,4.3,7.1
Bloomington,IN,Metro,310M400US14020,143094,5.2,71.9,11.2,2.5,7.3,2.3,4.7,21,9.6,5.8,12.5,10.2,14,17.3,12.5,11.2,4.3,2.6,47335,15369,26.5,19.7,20428,74.4,27.3,7.4,10.3
Bloomsburg-Berwick,PA,Metro,310M400US14100,70313,3.1,82,7,0.4,4,0.4,6.3,21.2,8.6,4.7,11.9,11.9,11.8,17.7,12.6,13,4.1,3.8,50984,19167,35.4,21.9,17695,76.3,35,3.5,5.1
Bluefield,WV-VA,Micro,310M400US14140,82159,5.9,87.7,7.1,0.1,2.9,0,2.1,22.8,8.2,6.9,14.1,14.6,18.4,17.6,11.2,6,1.5,1.6,39276,12253,50.1,24.9,13971,51.8,54.4,9.3,15.3
Boise City,ID,Metro,310M400US14260,570659,3.8,81.1,8.2,0.3,1.5,2.1,6.8,21.9,5.5,2.9,10.1,8.5,13.6,21.1,13.2,14.8,5.2,5.2,61407,17433,28.7,19.4,23742,72,30.1,10.5,6.6
Boston-Cambridge-Newton,MA-NH,Metro,310M400US14460,4029372,4.7,66.1,7,13.2,5.6,2.5,5.5,32.2,5.1,4.1,6.2,5.8,8.4,13.7,11.5,18.5,10.9,15.8,88711,32931,28.7,15.7,30923,76.4,32.9,2.9,5.8
Boulder,CO,Metro,310M400US14500,271260,3.6,66.1,6.6,5,5,5.1,12.3,23.5,7,2.9,5.5,6.8,9,14.2,13,16.6,10.3,14.8,83755,30213,23.5,16.7,34634,79.7,25.4,5,4
Bowling Green,KY,Metro,310M400US14540,141445,3.9,82.5,10.5,0,2.8,2.1,2.1,22.4,7.9,6.9,10.5,10.5,12.8,19.1,14.4,12.6,2.8,2.6,51365,14760,35.1,18.9,20174,65.8,41.2,6.8,12.8
Bozeman,MT,Micro,310M400US14580,91778,1.1,68.7,9.5,1,7.2,3.5,10,17.2,5.7,2.4,7.5,8,12.1,19.3,18.3,13.8,6.6,6.4,68266,19493,23.6,14.7,32006,74.9,25,9.4,2.4
Brainerd,MN,Micro,310M400US14660,76669,3.9,78.2,10.2,0.5,2.5,1.1,7.5,23,5.5,5.8,11.2,10.9,15.4,20.4,11.1,13.4,3.9,2.5,51177,15943,39.4,22.1,23393,64.9,47.6,6.8,9.5
Branson,MO,Micro,310M400US14700,72165,8.8,77.6,12,0,1.3,1.3,7.9,25,5,8,13.7,11.8,20.6,16.4,12.5,8.5,1.9,1.6,41913,13780,47.7,25.2,27813,58.1,46.4,12,10
Bremerton-Silverdale,WA,Metro,310M400US14740,220424,4.2,70.7,8.2,7.5,5,3,5.7,30,4.6,2.6,6.2,6.5,11.7,16.8,14.6,20.3,8,8.8,76945,19090,33.6,29.8,31559,75.7,37.8,4.6,6.1
Bridgeport-Stamford-Norwalk,CT,Metro,310M400US14860,758754,6.1,71.6,9,9.5,2.6,1.1,6.3,31.7,5.4,3,6,6.1,9,13.3,10.5,15.2,10.6,20.8,91079,59287,29.4,16.4,34552,71.8,30.6,8.1,6.9
Brownsville-Harlingen,TX,Metro,310M400US15180,310656,5,84.4,7.1,0.7,1.4,1.4,5,20.4,11.5,8.2,15.3,11.8,12.5,18.1,9.6,7.8,3.2,2,38378,14947,34.3,13,18405,37.3,38.8,29.1,25.5
Brunswick,GA,Metro,310M400US15260,93988,3.9,83.9,11,0.3,0,1.1,3.7,21.4,6.4,5.2,12.9,12.2,12.9,17,11.6,12.5,2.7,6.6,50499,25493,42,24.4,28541,59.6,41.5,13.9,13.6
Buffalo-Cheektowaga-Niagara Falls,NY,Metro,310M400US15380,931734,4,82.1,6.8,3.1,3,1.5,3.5,21.6,6.8,5.2,9.8,9.9,12.5,18,12.8,14,6.3,4.6,56195,19786,34.4,22.7,24692,71.4,40.8,3.1,9.5
Burlington,NC,Metro,310M400US15500,133308,5.4,85.9,8.5,0.3,0.9,0.3,4.2,25.3,6.3,5,11.7,10.3,16.6,18.4,10,14.7,4.4,2.5,49979,18613,34.2,21.2,20323,66,36,10.9,8.7
Burlington-South Burlington,VT,Metro,310M400US15540,184706,3.6,74.3,8.8,1.5,6.3,3.1,6,22.1,5.9,4.4,6.4,7,11.2,16.8,16,19.2,6.9,6.1,71452,16711,29.6,16.9,26066,75.8,32.7,3.8,6
California-Lexington Park,MD,Metro,310M400US15680,88694,2.6,83.2,6.5,1.2,1.8,1.9,5.4,28.4,3.4,2.9,6.2,5.1,9.3,13.5,11.4,25,12.4,10.8,92250,14012,26.6,24.6,33971,81.9,25.8,6.1,7.1
Canton-Massillon,OH,Metro,310M400US15940,322748,5.1,83.4,8.8,0.9,1.6,1,4.3,22.4,6.9,5.2,11.2,11,13.8,19,12.3,13.5,4.1,3,51624,15356,35.2,22.3,23375,68,39.3,7.1,10.7
Cape Coral-Fort Myers,FL,Metro,310M400US15980,637646,4.4,79.9,10.3,0.4,0.8,2.8,5.8,28.1,6.2,4.4,10,9.5,14.2,19.3,11.7,13.8,5,5.9,56129,24309,48.7,25.1,33209,62.6,43.1,13.9,8.3
Cape Girardeau,MO-IL,Metro,310M400US16020,75410,3.8,81.5,12.3,1.5,1.7,0.3,2.8,21.1,7.4,5.9,13.1,10.6,14.6,19.9,14.1,10.1,2.6,1.8,48026,11675,35.4,19.2,19200,71.2,34.1,8.4,9.6
Carbondale-Marion,IL,Metro,310M400US16060,102092,7.2,78.7,11.3,2,4.3,2.1,1.7,20.9,9.2,8.3,14.4,11.5,14.9,15.5,9.7,10.2,3.9,2.5,42716,16360,32.3,19.8,31258,63.9,42.6,7,12.2
Carson City,NV,Metro,310M400US16180,45486,5.4,78.7,14.4,0.6,1.2,2.3,2.8,20.5,3.8,6.2,7.4,8.6,15.6,19.7,17.5,11.7,4.1,5.4,56160,27482,34.7,20.3,34098,67.9,36.7,12.5,5.8
Casper,WY,Metro,310M400US16220,62587,2.6,84.9,7.4,0,1.3,1.7,4.7,15.4,5.1,1.4,9,9.5,12.6,20.3,12.7,14.4,8.2,6.6,64833,23371,28.3,17.1,24162,76.6,23.4,11.9,6.5
Cedar Rapids,IA,Metro,310M400US16300,216129,3.1,84.8,7.9,0.3,1.8,1,4.2,18.9,4.8,3.8,7.5,8.6,12.8,21.1,14,16.5,5.7,5.1,62882,18882,31.9,18.7,22705,76.5,34.4,3,6.3
Centralia,WA,Micro,310M400US16500,64562,6.8,83.3,8.9,0.8,2.3,1.4,3.2,27.9,5.1,4.1,8.8,9.9,15.7,16.6,13.7,19.3,4.4,2.3,61058,11885,48.1,27.9,23969,62.9,50.3,5.5,7.7
Chambersburg-Waynesboro,PA,Metro,310M400US16540,124906,4,78.1,12,0.1,2.5,2.5,4.9,25,4.8,4.5,8.9,7,15.7,22.4,14.7,13.9,4.8,3.3,61208,15102,37.5,24.7,38152,68.7,39.3,10,9.2
Champaign-Urbana,IL,Metro,310M400US16580,197363,4.9,71.1,9.4,6,7.2,1.9,4.3,18.3,11.4,4.4,10.3,8.4,11.7,18.9,10.4,14.3,5.4,4.9,52912,20150,24.4,18.4,35652,77.4,29.9,4.5,7.7
Charleston,WV,Metro,310M400US16620,173394,5.4,82.6,9,2.4,2,0.6,3.4,22.7,8.5,6.4,15.1,13.3,15.5,16.8,7.2,10.3,3.1,4,40806,22478,40.5,24.1,19860,59.5,49.4,6.6,15.4
Charleston-North Charleston,SC,Metro,310M400US16700,633420,3.8,81.1,7.9,0.8,2.5,1.9,5.9,27,5.8,3.3,9.4,8.6,11.5,18.3,14.3,15.1,6.2,7.6,64283,25190,29.5,22,27617,70.9,33,9.4,9.7
Charlotte-Concord-Gastonia,NC-SC,Metro,310M400US16740,2030682,4.3,79.2,9.4,1.5,1.4,1.3,7.3,27.4,4.7,3.6,8.7,9.5,13.2,18.1,12.8,15.1,6.5,7.8,62068,27205,27.7,16.2,22250,70.4,29.3,10.4,8.2
Charlottesville,VA,Metro,310M400US16820,193139,3.3,70.2,10,4.2,5.2,2.2,8.2,23.3,6,3.9,8.1,6.9,11.1,16.4,14.8,15.4,7,10.3,71052,33587,31.3,20.9,42049,77.9,28.5,8.4,7.6
Chattanooga,TN-GA,Metro,310M400US16860,456484,4.8,81.4,9.6,0.7,1.4,0.9,6,24,6.2,4.5,10.5,10.8,13.4,19.8,12.4,12.9,4.6,4.8,54732,19251,36.2,18.8,23977,67.1,36.1,10.6,7.9
Cheyenne,WY,Metro,310M400US16940,78343,4.3,82,11.6,0,1.1,1.3,4.1,14.8,3.9,2.1,11.6,9.9,11,19,14.2,18,5.6,4.7,64306,19727,38.9,26.1,27136,78.8,32.3,5.6,5.7
Chicago-Naperville-Elgin,IL-IN-WI,Metro,310M400US16980,7589015,5.7,69.8,8,12.1,2.8,1.9,5.4,32.2,5.9,3.4,7.9,7.9,10.9,16.4,12.5,16.8,8.3,10,70760,28810,27.6,16,30218,70.5,31.6,7.6,8.2
Chico,CA,Metro,310M400US17020,190638,7.3,77,9.1,1.2,3.7,2.4,6.6,22.8,6.7,6.6,11.6,11,12.8,16.5,10.6,13.6,5.9,4.7,51652,21296,35.4,21,31316,60.9,46.8,7.4,10.9
Chillicothe,OH,Micro,310M400US17060,63009,7.8,83.9,10.3,1.6,2.2,0.4,1.7,24.4,11.5,3.1,14.2,10.7,13.6,16.8,12,13.1,3.6,1.4,46769,13345,38.3,25.1,20502,60,46.9,8.3,14.1
Cincinnati,OH-KY-IN,Metro,310M400US17140,1736448,3.8,81.6,8.2,1.7,2.2,1.1,5.1,24.9,6.4,3.8,8.5,8.9,12,18.5,12.8,16.1,6.2,6.7,62743,22216,29.2,19,25555,72.8,33.1,5.1,7.9
Claremont-Lebanon,NH-VT,Micro,310M400US17200,184833,3.5,77.2,9.8,0.8,4.5,1.3,6.4,24.4,5.4,3.8,9.9,9,11.3,21,15,14.6,4.9,5,61558,18246,38.2,19,23587,70.4,41.2,5.1,6.2
Clarksburg,WV,Micro,310M400US17220,74356,6.2,84.9,6.2,1.1,3.4,0.4,3.9,25.8,9.1,5.2,13.9,10.6,14.7,17.3,10.6,13,3.1,2.6,45315,16579,40.9,26.7,18195,60.8,45.9,8.1,12.4
Clarksville,TN-KY,Metro,310M400US17300,221020,7.9,79.7,10.3,0.8,4.8,1.3,3.2,23.2,6.6,4.5,9.3,13.6,14.5,18.8,12.3,13.9,3.4,3,51280,18007,27.3,21.9,23092,71.5,37.4,7,10.9
Clearlake,CA,Micro,310M400US17340,52124,5.6,71.9,8.5,0.1,2.5,0.3,16.6,33.9,5.9,7.4,10.5,11.6,15.7,19.7,8,10.3,6.1,4.9,48554,22616,43.8,25.6,25039,50.6,61.2,5.8,11.5
Cleveland,TN,Metro,310M400US17420,101680,6.3,82.3,12,0,1.7,1.2,2.8,22.2,6.9,4.5,11.2,12.1,17,20.1,10.6,11.8,3,2.8,48101,17983,36.9,22,13746,60,39.5,13.1,10.2
Cleveland-Elyria,OH,Metro,310M400US17460,1675861,5.5,81.6,7.9,2.7,1.9,1.3,4.6,24.5,8.1,5,9.4,9.5,13,17.2,12.4,13.9,5.4,6.1,56203,24013,32.3,20.1,25873,68.9,38,5.5,10.5
Coeur d'Alene,ID,Metro,310M400US17660,128401,3.7,82.2,9.4,0.1,1.2,1.2,5.9,22.6,6,4.4,8.2,9.5,17.1,20.1,13,12.4,5.5,3.8,55236,19668,38.1,22.9,32495,70.2,33.9,10.9,7.8
College Station-Bryan,TX,Metro,310M400US17780,214535,4.3,81.3,10.9,0.9,2.2,1.9,2.8,18.3,11.3,5.3,10.3,10.6,12,17.3,10.2,13.6,4.1,5.3,50512,21694,21.7,13.6,31756,72.9,24.2,13,11
Colorado Springs,CO,Metro,310M400US17820,581664,5.2,77.1,9.7,0.6,3.9,1.4,7.2,23.9,4.6,2.9,8.5,7.8,12.4,19,14.7,17,6.5,6.6,67430,19707,26.7,23.3,30157,71.6,33.8,8.1,6.7
Columbia,SC,Metro,310M400US17900,671888,6.3,80.5,8.9,0.8,4.1,1.8,3.9,25.1,8.1,4.2,8.9,11.2,14.1,19.5,12.7,12.3,5.1,3.8,53765,17612,31.6,20.3,23341,69,35.3,9.8,11.1
Columbia,MO,Metro,310M400US17860,147029,4.6,76.9,12.4,1,3.7,1.8,4.2,17.8,6.3,4.5,9.2,12.6,12.9,19.4,10.7,15.2,4.1,5.2,54356,20488,24.1,16.3,25112,79.9,23.7,7.3,8
Columbus,IN,Metro,310M400US18020,65756,3.6,81,11.9,0.2,1.7,0.5,4.7,18.7,4.4,5.6,6.8,10,12.2,21.8,14.9,14.3,5.9,4,62047,12867,33.6,19.7,16741,73.5,32.5,7.3,7.7
Columbus,GA-AL,Metro,310M400US17980,240490,8,80,10.1,0.8,3.9,2.2,2.9,21.8,11.8,5.7,10.1,10,12.4,20,12.4,11.2,3.4,2.8,49731,13171,33.1,22.8,22667,65.8,40.1,11.4,14.4
Columbus,OH,Metro,310M400US18140,1666326,4.2,81.3,8.2,1.7,2.2,1.1,5.5,23.8,5.6,3.5,8,8.8,12.8,18.4,13.5,16.1,6.7,6.5,64052,21903,26,17.9,28806,69.9,32.9,7.1,8.4
Concord,NH,Micro,310M400US18180,125929,3.9,82.1,7.2,0.3,2.5,1,7,26.7,3.8,3.3,8.1,7,12.2,15.4,15.9,19.3,7.5,7.5,75088,17735,36.6,20.1,33285,75.3,32.8,5.7,3.7
Cookeville,TN,Micro,310M400US18260,91247,5.4,83.2,10,0,1.7,0.9,4.2,23,6.2,6.5,13.7,13.5,14.6,19.1,8.7,13.4,2.4,1.8,45179,14269,39.5,19.7,18284,68.6,39.3,7.6,7.8
Coos Bay,OR,Micro,310M400US18300,54529,3.7,75.2,10.1,0,3.9,4.8,6.1,21.6,3.7,6.5,10.4,13.6,15.3,24.5,9.2,10,3.9,2.9,50323,16201,48.8,34.5,23244,55.2,59.3,7.1,8.3
Corning,NY,Micro,310M400US18500,78099,6.1,84.9,8.2,0,2.3,1.9,2.7,23,6,5.6,12.7,8.4,12.5,20.7,13,13.3,4.7,3,55569,14363,37.7,23.2,21961,64.5,47.5,4.5,7.5
Corpus Christi,TX,Metro,310M400US18580,354356,6,85.9,7.8,1.1,1.2,0.9,3.1,20.5,6.6,5.7,9.9,9.2,14.7,16.9,13.7,13.6,5.1,4.6,54264,20377,30.9,18.4,24002,56.3,35.8,17.9,14.2
Corvallis,OR,Metro,310M400US18700,79378,6,67.3,6.4,2.8,9.8,8.5,5.2,18.8,8.6,4.9,9.5,8.4,8.8,16.6,11.4,17.2,8.3,6.4,63773,19348,30.5,21.1,36969,77.9,32.5,4.2,6.3
Crestview-Fort Walton Beach-Destin,FL,Metro,310M400US18880,224551,4.4,81.4,8.5,0.7,1.2,1.9,6.2,24.7,5.9,3.5,9.2,9.5,12.5,18.2,12.7,17.3,6.4,4.7,63710,19930,34.5,26.8,30396,69.7,36,10.9,8.6
Cullman,AL,Micro,310M400US18980,66680,4.3,89.3,9.2,0,0.4,0.2,0.9,25.4,6.9,7.1,11.7,13.2,16.3,16.7,10.9,9.9,4.2,3,44612,22973,40.2,18.2,21455,65.8,38.5,10.1,12.3
Cumberland,MD-WV,Metro,310M400US19060,82599,8.6,83.7,8.4,1.1,4.1,0.5,2.3,24.2,8.1,7,12.6,13.6,13.1,19,12.1,9.7,2.5,2.2,44607,14121,40,27,17788,67.2,49.8,3.5,13.2
Dallas-Fort Worth-Arlington,TX,Metro,310M400US19100,5808669,4.3,80.8,9.5,1.3,1.3,1.3,5.8,28.5,4.7,3,7.2,8.2,12.2,18.2,12.7,16.8,7.9,9.1,69445,27453,22.1,12.9,27434,65.4,24.9,17.1,8.2
Dalton,GA,Metro,310M400US19140,111877,5.9,88.1,8.7,0,0.8,0.4,2.2,23.1,4.8,6,12.9,14.1,16.9,18.5,11.5,10.7,2,2.6,45326,14145,30.4,9.1,24501,60.9,31.1,16.1,9.8
Danville,IL,Metro,310M400US19180,60826,8.1,80.8,8.6,0.5,1.3,1.1,7.7,19.9,10,7.3,11.4,10.5,16.9,16.3,12.5,10.6,2.9,1.4,43655,14444,41,26.8,20380,61.1,46.8,6.2,15.1
Danville,VA,Micro,310M400US19260,83223,6.6,84.6,7.5,2.1,1,1.8,3,21.5,10.7,8.3,12.9,12,19.6,17.1,7.9,8.5,1.2,1.9,39512,12608,44.3,25.6,19745,60.2,47.2,10,17
Daphne-Fairhope-Foley,AL,Metro,310M400US19300,176222,2.4,85.1,6.1,0,0.7,2.4,5.7,28.1,5.9,3.2,9.6,12,13.1,19.5,12.1,12.4,6,6.2,56813,23438,40.7,25.7,27136,68.1,36.3,13.2,6.4
Davenport-Moline-Rock Island,IA-IL,Metro,310M400US19340,302639,5,87.9,6.5,0.5,1.3,0.8,2.9,19.9,5.8,4.7,9.5,11.1,13.9,18.1,14,13.9,5,4,55635,18817,32.7,22,26394,72.6,38.2,5,10.2
Dayton,OH,Metro,310M400US19380,650644,5.7,82.3,8.3,2.3,2.4,0.7,4,21.6,7.7,5.3,9.3,9.7,13.9,17.7,12.8,13.4,5.8,4.4,54942,19287,32.6,23.6,27846,67.4,40.1,6.3,10.4
Decatur,AL,Metro,310M400US19460,121962,3.9,87.7,7.2,0.3,0.4,1.1,3.3,24.2,6.2,4.4,11.7,12.6,15.4,17.2,10.8,14.1,5.5,2,49133,18587,37.7,26.4,28829,67.7,37.5,9.1,11.3
Decatur,IL,Metro,310M400US19500,84164,7,85.2,8.1,0.6,2.7,1.2,2.2,17.9,6.7,6.2,11,10.2,15.9,17.9,12.1,12.9,3.4,3.7,50066,18000,34.5,23.8,20723,66.9,44.6,4.9,12.4
Deltona-Daytona Beach-Ormond Beach,FL,Metro,310M400US19660,559164,4.2,80.2,7.4,0.6,0.9,2.5,8.4,26.2,6.7,4.5,10,11.1,15.6,19.7,12.5,12,3.7,4.2,51364,19083,44.2,26.1,28941,62.6,41.4,11.8,7.7
Denver-Aurora-Lakewood,CO,Metro,310M400US19740,2349994,3.4,75,8.2,3.8,2.4,2,8.7,28,4.1,2.6,6,6.8,10.9,16.9,13.2,19.2,9.6,10.7,79478,26318,23.3,15.2,31674,72.3,30.1,7.1,5.1
Des Moines-West Des Moines,IA,Metro,310M400US19780,508393,3.3,83.7,7.7,1.2,1.3,0.8,5.3,21.1,4.1,2.9,7.4,7.9,12,18.2,14.9,18.2,7.5,6.9,71352,18614,26.5,16.4,22123,78.4,31,4.3,5.9
Detroit-Warren-Dearborn,MI,Metro,310M400US19820,3486955,5.6,83.2,8.6,1.3,1.4,1.2,4.3,27.3,7.6,4.3,8.9,9.2,12.5,16.9,12.4,15,6.8,6.4,60513,22605,33.5,21.3,24721,70.3,38.7,5.4,10.2
Dothan,AL,Metro,310M400US20020,118751,6.5,88.4,7.4,0,0.6,0.9,2.7,22.4,10.8,6.4,12.3,10.5,12.8,18.1,10.7,12.6,3.5,2.3,45152,16913,39.6,21.7,23778,60.3,42.2,12,12.9
Dover,DE,Metro,310M400US20100,141800,4.4,82,9.6,0.8,2.6,1.1,3.9,26.6,6.3,4.5,10.7,11.1,13,19.2,12.8,14.4,4.6,3.4,54419,15387,38.1,25.4,24408,64.8,44.9,6,11.2
DuBois,PA,Micro,310M400US20180,66451,3.9,80.7,11.5,0.4,2.1,1.1,4.1,31.4,8.1,4.9,15.5,9.7,16.2,17.9,9.3,12.5,4.2,1.7,46205,14988,41.6,25,16811,67.1,46.8,4.3,11.6
Dubuque,IA,Metro,310M400US20220,77985,3.3,85.6,6.9,0.5,2.7,1,3.3,17.4,6.8,3.7,9.8,8.9,12.7,19.8,15.5,14.1,4.3,4.4,60225,15635,33,18.9,18540,76.8,35.4,2.9,6.7
Duluth,MN-WI,Metro,310M400US20260,230568,4.6,80.4,7.9,2.1,4.4,1.7,3.5,20.5,5.5,5.4,10.5,10.8,14.7,18.4,12.6,14.6,4.3,3.2,53767,15513,36.2,23.2,21420,73.9,39.2,4.5,7.4
Dunn,NC,Micro,310M400US20380,103270,6.6,86.4,7.7,0,1,1.5,3.4,30.9,5.4,6.1,11.6,8,17.8,19.7,13.8,11.7,4,2,51022,13118,30.9,24.3,23874,63.2,35.9,12.5,12.2
Durham-Chapel Hill,NC,Metro,310M400US20500,471051,3.3,75.8,8.6,3.4,3.2,2.3,6.7,24.2,5.6,3.7,8.1,10.5,12.8,17.4,11.9,13.8,6.6,9.7,62114,30632,27.5,17.7,29091,72.7,28.9,9.6,7.6
East Stroudsburg,PA,Metro,310M400US20700,140323,6.7,72.2,14.5,5.6,1.8,1.7,4.2,38.5,5.4,5.7,8.9,6,13.4,18.2,16.3,16,4.8,5.2,64170,13982,37.9,21,24579,67.7,40.3,7.4,10.1
Eau Claire,WI,Metro,310M400US20740,137803,3.3,81.6,7.3,0.8,1.8,1.2,7.2,20.1,5.5,4.4,9,10.9,11,22,13.9,16.8,3.7,2.9,60081,13400,32.5,20.1,22320,77.4,32.1,5.7,6.9
El Centro,CA,Metro,310M400US20940,136416,12.8,81.4,7.1,1.3,1.9,0.9,7.4,24.5,9.6,7.9,11.8,7.9,13.3,17,15.8,11.9,2.5,2.3,48984,11702,33.8,15,21386,46.6,55,7,19.8
El Paso,TX,Metro,310M400US21340,642514,6.4,81.6,9.8,1.2,1.5,2,3.9,23.5,9.5,6.3,14,11.8,14.1,17.6,9.7,10.5,3.9,2.6,43862,17708,28.4,14.4,27296,51.6,33.5,22.1,17.8
Elizabeth City,NC,Micro,310M400US21020,52647,5.4,84.5,10.5,0.4,2.5,0.8,1.3,29.3,8,4.8,13.5,11,12.1,16.6,13.5,15.6,2.6,2.2,50391,11419,42.1,28.9,20741,64.6,41,10.6,12.6
Elizabethtown-Fort Knox,KY,Metro,310M400US21060,119304,4.6,83.9,11.7,0.5,0.6,0.9,2.5,23,6.4,4.7,10.9,12.3,14.2,17.8,12.3,14.7,3.6,3.1,51147,21743,31.5,24.4,31728,68.5,43.8,4.5,10.9
Elkhart-Goshen,IN,Metro,310M400US21140,155311,4.7,78.1,14.6,0.1,1.5,2,3.7,19.5,5.6,2.3,9.8,8.7,14.6,22.8,15.2,12.9,4.6,3.5,58350,13536,30,13.3,16873,60.6,35.2,15.7,9.4
Elmira,NY,Metro,310M400US21300,68809,4.4,85.4,6.7,1.8,2.5,1.4,2.2,19.7,8.3,6,9.3,11.4,12.5,19.6,12.9,14.6,2.2,3.3,53005,19844,38.1,24.8,22773,67.5,44.4,3.1,7.3
Enid,OK,Metro,310M400US21420,46697,5.7,78.6,12.2,0.1,1.1,2.5,5.6,19.6,4.4,4,13.7,10.3,14.8,20.1,12.4,15.1,2.1,3.1,53946,13296,31.7,16.6,19599,63.2,33.6,16.1,12.1
Erie,PA,Metro,310M400US21500,221307,4.4,79.5,10.7,2.3,2.5,1.1,3.9,20,7.3,5.7,12.7,11.9,13.9,17.9,12.1,12,3.9,2.8,48007,16578,35.9,21.2,21886,69.9,42.2,3.9,9.9
Eugene,OR,Metro,310M400US21660,317579,5.9,70.3,11.1,2.9,4.6,4,7,19.7,6.8,5.5,9.6,11,13.6,20.1,13.5,11.5,4.5,4.1,53172,17438,35.8,19.5,26796,61.7,44.8,8.2,10.8
Eureka-Arcata-Fortuna,CA,Micro,310M400US21700,112359,9.4,77.1,8.6,2.3,5.3,1.6,5.1,17.5,5.8,7.5,12.7,10.9,12.7,20.9,11,11.5,4.1,2.9,50294,14255,32.4,22.3,26614,58.1,51.6,6.5,11.5
Evansville,IN-KY,Metro,310M400US21780,253268,5.3,87,6.9,0.9,1.7,1,2.4,21.1,7.6,5.1,10.8,8.8,12.9,17.3,15.2,13.3,4.7,4.3,55412,20913,34.7,18.8,20244,72.2,35.3,5.7,8.7
Fairbanks,AK,Metro,310M400US21820,77416,5.6,71.4,14.5,1.4,2.8,3.8,6.2,19.1,3.5,2.8,5.4,6.7,11.3,19.9,14.5,20.1,7.2,8.7,75448,22941,19.6,21.9,33323,74.7,29.8,9.3,5.8
Fargo,ND-MN,Metro,310M400US22020,193867,3,82.7,7.9,0.7,3.4,1.4,3.8,17.2,4.5,4.3,8.6,7.8,14,17.2,13.9,16.1,7,6.7,65073,25647,22.5,11.6,24244,82.3,25.4,5,6.1
Faribault-Northfield,MN,Micro,310M400US22060,53662,6,73.5,7,0.6,2.7,1.4,14.7,23.7,6,2.1,7,11.6,14.3,14.7,13.7,20.9,5,4.7,65839,16448,32.5,18.4,20664,76.1,30.9,5.4,5.6
Farmington,MO,Micro,310M400US22100,54740,4.3,87.3,10.2,0,0.6,0.5,1.3,25.8,7,9.3,11.9,11.1,15.1,18.1,11.3,10.6,3.4,2.3,46796,14257,37,24.7,19818,62,42.9,8.3,14.2
Farmington,NM,Metro,310M400US22140,96348,7.4,82.7,10.3,0.1,1.3,1.1,4.5,24,11.4,6.2,11.4,10.9,13.5,17.5,11.9,11.7,3,2.4,44841,14895,33.9,19.3,24482,46.1,51.8,11.9,19.7
Fayetteville,NC,Metro,310M400US22180,300733,7.3,79.7,9.7,0.4,5.1,2,3.1,22.4,8.2,6.5,10.7,10.9,16.7,17.9,11.5,11.9,3.5,2.2,46679,14718,27.4,23.3,24638,64.8,40.5,9.6,14.3
Fayetteville-Springdale-Rogers,AR-MO,Metro,310M400US22220,429714,3.4,79.7,11.7,0.4,1.5,1,5.7,20.8,5.5,4.6,9.1,9.5,14.6,18.8,12.8,13.3,5.6,6.2,57911,25192,27.6,14.3,26249,68,32.2,9.7,9.4
Findlay,OH,Micro,310M400US22300,61500,4,85.1,8.4,1.8,0.6,1.9,2.3,16.5,5.6,4.6,7.9,11.8,10,20.6,14.2,16.1,5.7,3.5,60788,16791,33.4,20.3,29075,76.3,34,3.4,5.9
Flagstaff,AZ,Metro,310M400US22380,116671,5.8,68.5,14,2.3,8.2,3.6,3.3,19.9,6.8,3.8,10,6.3,12.1,22.5,12,14,6.9,5.5,61843,17042,26.8,18.5,31229,67.2,31.1,10.4,7.7
Flint,MI,Metro,310M400US22420,325944,7.8,83.5,9.1,2.4,1,0.7,3.3,25.8,8.6,5.3,11.4,11.2,15.2,16.7,12.3,12.2,4.1,2.9,48127,18393,37.7,26.9,21380,65.2,48.4,4.7,13.4
Florence,SC,Metro,310M400US22500,163126,5.9,84.1,9.2,0.7,1.2,0.8,4.1,22.1,11.9,4.9,14.8,9.9,13.7,18.4,9.8,10.3,3.3,3.1,42612,21995,38.1,19.2,19620,59.9,41.7,10.7,14
Florence-Muscle Shoals,AL,Metro,310M400US22520,121777,3,90.4,6.1,0,1.1,1,1.3,22.8,7.3,5.5,12.9,9.8,15.1,20.6,10.4,11.8,2.6,3.9,49407,18340,37.7,24.6,23383,70.6,35.7,8.5,10.6
Fond du Lac,WI,Metro,310M400US22540,83684,3.2,81.1,9,0.7,3.9,1.8,3.5,20.2,5,5.7,9.2,8.4,14.2,21.8,14.1,15,4.1,2.4,57415,13841,36.1,21,18356,76.2,32,3.6,8.2
Forest City,NC,Micro,310M400US22580,55558,9.5,83.3,10.7,0,0.7,2.6,2.6,25.1,10.3,7.6,15.3,8.8,14.8,17.6,11,9.3,1.6,3.6,43111,14475,42.7,21.3,21210,59.9,44.4,12.3,16
Fort Collins,CO,Metro,310M400US22660,288748,4.1,73.5,7.7,1.1,4,3.4,10.3,23.4,4.7,2.9,7.4,6.8,11.4,19.6,13.2,18.8,8.1,7.2,71091,21597,25.8,15.6,33360,75.5,29.3,6,5.4
Fort Payne,AL,Micro,310M400US22840,57239,3.2,-999999999,-999999999,-999999999,-999999999,-999999999,-999999999,26.1,10.3,8.1,14.8,14.8,11.8,15.7,11.1,8.2,2.2,3,36998,20356,42.2,18.4,15738,60.2,38.7,13.8,18.2
Fort Smith,AR-OK,Metro,310M400US22900,222830,3.8,84.8,9.5,0.1,1.3,1.2,3,21.3,8.1,6.6,13,12.9,15.6,16.6,10.5,10.5,3.5,2.5,44317,18549,35.4,18.9,20461,53,45.3,12.8,13.1
Fort Wayne,IN,Metro,310M400US23060,339499,4,84.3,8.1,0.5,1.6,1.3,4.1,22.4,5,4,9.9,10.2,15.6,19.3,15.1,12.4,5,3.5,55491,19825,30,17.4,21339,69.6,33.5,8.4,9.2
Frankfort,KY,Micro,310M400US23180,59091,7.7,86.9,8.1,0.3,1.6,0.7,2.5,20.9,4.9,4.6,8,12.5,16.7,19.8,14.2,13,4,2.4,52134,15073,33.5,31,28191,70.4,37,7.7,10.2
Fresno,CA,Metro,310M400US23420,741706,8.1,79,12.4,1.1,1.8,1.7,4,23.1,6.7,5.6,11.6,10.3,13.4,17.4,11.7,13.5,5.2,4.5,52629,19890,26.7,16.4,28569,51,51.5,7.5,17.2
Gadsden,AL,Metro,310M400US23460,82575,5.2,88.8,8.7,0,0.6,0.4,1.5,23.8,5.6,5.6,14.1,14.5,13.9,14.9,13.4,13.4,2.4,2.2,45868,17178,40.8,26.2,23803,67.8,39.6,9.5,14.1
Gainesville,FL,Metro,310M400US23540,242070,5.7,75.5,10.9,2.7,1.8,3.1,6,22.2,12,5.3,9.7,10,12.3,16.6,11.6,11.7,5.5,5.3,50495,22352,27.8,17,28289,77.1,26.5,7.9,9
Gainesville,GA,Metro,310M400US23580,157289,3.2,77.9,15.3,0.4,0.4,1.7,4.3,29.1,4.4,2.7,10.6,8.3,14.6,18.1,14.7,13.2,6.1,7.2,61699,23903,30.9,20,33319,63.2,31.9,16.4,10.6
Gallup,NM,Micro,310M400US23700,54398,13.8,71.7,12.6,1.4,5.8,0.6,8,25.3,17,7.4,15.1,11.8,11.2,18.6,6.6,9.2,1.3,1.9,34080,14500,31.3,18.7,24562,23.8,63.9,17.4,28
Gettysburg,PA,Metro,310M400US23900,83856,4.4,82.9,9.4,0.4,2.3,0.6,4.4,28.5,3.4,4.7,7.3,8.9,12.5,22.1,15.7,15.9,6.2,3.5,62284,14674,37.5,26.3,28683,76.9,34.8,5.3,4.7
Glens Falls,NY,Metro,310M400US24020,105188,4.2,79.1,9.1,0.9,3.2,2.1,5.7,23.8,3.9,5,12,8,14.4,19.6,13.5,14.3,5.1,4.2,57058,16525,40.3,25.7,27768,71,41,6.8,8.1
Glenwood Springs,CO,Micro,310M400US24060,60755,4.5,61.4,14,7.9,3.8,3.5,9.4,28.5,3.3,3.5,8.1,4.5,12.8,16.1,20.2,20.2,7.3,4,76184,17132,25,10.4,21290,63.7,31.6,13,5.8
Goldsboro,NC,Metro,310M400US24140,96403,5,79.7,14.3,0.5,1.9,0,3.6,21.3,7.1,6.4,15.3,13.3,17.3,15.4,9.5,11.1,1.8,2.8,40791,22419,36.3,20.4,26152,56.5,44.9,13,17.9
Grand Forks,ND-MN,Metro,310M400US24220,82308,4.6,78.3,10,1.6,4.8,1,4.3,15.9,8.9,3.8,10.8,9.2,12.9,19.2,11.8,15.4,4.7,3.4,54659,16211,26,13.7,26181,77.3,30.3,5.1,6.1
Grand Island,NE,Metro,310M400US24260,65055,2.7,84,8.5,0.3,2.4,1.5,3.4,16.9,4,4.9,10,11.9,15.6,20.3,14,13.7,3.9,1.8,54235,11666,33.4,15.5,17312,70.7,35.1,8.7,10
Grand Junction,CO,Metro,310M400US24300,123093,6.3,78.7,6.9,0.4,0.8,4.8,8.4,21.7,7,5.6,11.3,9,17.2,15.3,13.8,13.6,3.7,3.4,49848,18772,36.6,18.1,25377,63.6,41.8,9.6,11.3
Grand Rapids-Wyoming,MI,Metro,310M400US24340,842061,4.2,82,9.1,1.4,2.2,1.1,4.2,22.1,4.6,3.1,8.6,8.5,14,19.8,14.5,15.7,5.4,5.9,63344,20527,30.3,17.7,19949,76.1,31.4,5.1,6.5
Grants Pass,OR,Metro,310M400US24420,72746,7.5,79.7,8.2,0,2,2.3,7.8,18,8.3,5.9,10.8,10.9,15.6,20.5,12.1,9.2,4.3,2.4,48315,14529,47.1,26.9,36445,56.2,56.9,6.7,12.2
Great Falls,MT,Metro,310M400US24500,65079,2.6,83.6,8,0.7,1.9,0.4,5.4,16.9,6.3,4.8,10.1,11.8,17.2,20.6,10,13.4,2.5,3.4,49948,17936,35.5,20.7,21339,68.3,42.5,5.7,8.7
Greeley,CO,Metro,310M400US24540,240422,4.4,81,10.1,0.5,1.4,1.3,5.6,28.1,4.3,3.5,5.9,7.3,10.9,17,16.5,18.8,8.6,7.1,75938,14587,25.7,15.2,23247,69,33.9,7.8,7.9
Green Bay,WI,Metro,310M400US24580,255642,2.2,84.4,8.4,0.5,1.8,0.6,4.3,18.7,3.7,4.5,7.6,10.7,13,20.8,14,16.5,4.9,4.2,61400,18209,31.7,16.4,23020,75.8,29.9,5,5.9
Greeneville,TN,Micro,310M400US24620,57660,4.4,-999999999,-999999999,-999999999,-999999999,-999999999,-999999999,22.1,7.5,4.6,17.3,7.8,14.6,23.1,9.6,11.2,1.6,2.6,47383,13688,46.7,24.7,18752,62.9,42.2,11,10.7
Greenfield Town,MA,Micro,310M400US24640,59819,3.3,80.8,6.7,0.5,4.2,1.1,6.7,25.6,4,4.8,10.6,7.7,14.6,19,14.8,14,6.2,4.3,59248,20538,42,22.2,24879,71.6,44.8,2.1,4.6
Greensboro-High Point,NC,Metro,310M400US24660,617751,5.4,83,9.3,0.4,1.5,1,4.9,22.2,7.3,5.4,11.2,11.4,14.8,17.7,10.9,12.7,4,4.8,50026,21722,32.4,18.1,20974,65.5,36.1,9.6,12
Greenville,NC,Metro,310M400US24780,145695,7.1,81.8,11.2,0.9,1.8,0.5,3.8,20.2,11.4,6.1,10.9,11.2,16.5,16.6,10.5,10.2,4.8,1.7,42481,16841,26.8,18.8,21298,67.2,33.7,10.3,13.6
Greenville-Anderson-Mauldin,SC,Metro,310M400US24860,729689,4.6,82,9,0.3,1.5,1.7,5.5,24.6,6.8,5.3,9.9,10.5,12.9,19.1,12.9,13.2,4.7,4.7,55790,18887,34.3,18.6,21672,67.4,33.6,11.7,8.4
Greenwood,SC,Micro,310M400US24940,78262,5.5,84.3,10.7,0.7,1.7,0.7,2,23.3,10.4,8.3,9.4,12.3,16.7,18,9.9,9.4,3,2.7,41959,20216,40.2,16.8,17590,62,42.2,9.6,13.9
Guayama,PR,Metro,310M400US25020,58749,10.9,-999999999,-999999999,-999999999,-999999999,-999999999,-999999999,28.1,29.1,16.6,24.3,11.1,9.3,6.4,1.3,1.7,0,0.2,17062,6135,52.3,19.6,18469,23.3,77.7,3.7,45.4
Gulfport-Biloxi-Pascagoula,MS,Metro,310M400US25060,314697,9.8,85.6,8,0.2,2.8,1.6,1.8,24.9,9.7,6.2,11.1,10.5,14.5,17.9,12.2,11.1,3.5,3.3,47444,17789,35,23.1,28459,60.8,38.3,14.7,16.1
Hagerstown-Martinsburg,MD-WV,Metro,310M400US25180,216115,5.7,81.5,9.5,1.3,1.6,1.4,4.6,29.5,4.8,4.1,7.2,10.2,13.6,21.9,13,15.1,6.4,3.9,61256,15742,35.4,24.2,27081,70,40.3,5.6,7.6
Hammond,LA,Metro,310M400US25220,104241,8.9,82.1,12.9,0.5,1,0.5,3.1,32.3,9.8,4.5,16.2,6.6,15.3,16.7,13.2,13.2,2.7,1.9,48205,12644,31.8,16.5,21677,56.5,47.9,7.1,10.6
Hanford-Corcoran,CA,Metro,310M400US25260,114798,8.8,78.9,15.1,0.5,1,1,3.5,23.9,6.6,3.9,6,9.5,13,23.4,12.6,15.6,5.9,3.5,61663,12367,28.4,20.1,29170,53.6,48.7,6.9,15.6
Harrisburg-Carlisle,PA,Metro,310M400US25420,465912,4.1,80.7,7.4,1.3,3.8,2,4.7,23.4,5,2.8,7.6,9.2,14.4,18.9,13.4,16.6,5.5,6.6,64213,22289,34.4,24.8,27453,76.5,35.8,5.2,6.8
Harrisonburg,VA,Metro,310M400US25500,110758,2.3,79.8,10.6,1.2,3.8,1.4,3.2,20.7,9.3,5.4,6.9,9.1,16.3,21.7,11.2,12.9,4,3.1,53046,23046,31.3,18.1,30776,75.6,25.9,9,6.3
Hartford-West Hartford-East Hartford,CT,Metro,310M400US25540,996372,5.1,81.2,7.7,2.6,1.8,1.1,5.7,24.5,5.2,3.8,7.5,7.3,9.8,14.7,12.7,18.5,9.4,11,77258,26908,31.8,20,30481,73.3,35.7,3.7,6.4
Hattiesburg,MS,Metro,310M400US25620,117995,8.3,86.3,6.6,0.3,1.9,2.9,2,23.6,11.7,5.2,13.5,8.3,16.8,17.8,10.2,10.4,3.7,2.5,45249,18727,28.2,19.9,23131,62.1,37.3,13.3,15
Helena,MT,Micro,310M400US25740,63840,3.6,78.8,9.6,1.3,3,1.8,5.5,19,4.5,4.3,8.7,8.3,10.8,20.5,14.3,18.8,7.3,2.5,65145,12389,35.8,27.2,29765,72.8,39.1,5.3,8.7
Hermiston-Pendleton,OR,Micro,310M400US25840,67282,11.2,82.1,8.3,0.1,5.2,0.6,3.7,18.3,6.6,6,10.5,8.9,13.7,19.2,15.5,10.9,6.1,2.5,56211,11591,34.6,19.1,23004,61.8,46.1,6.3,14.7
Hickory-Lenoir-Morganton,NC,Metro,310M400US25860,300723,7.3,86,7.1,0.3,0.9,2.9,3,23.3,5.7,6.2,13.5,11,15.4,18.8,12.6,10.8,2.8,3.1,47544,17799,38.1,19.2,22915,63.8,39,11.3,11.3
Hilo,HI,Micro,310M400US25900,162367,5.2,71.5,17.5,1.2,2,1.3,6.6,26.7,9.9,3.4,8.5,9.7,12.7,14,13.8,15.8,6.5,5.9,57571,28608,40.8,23.6,29381,63.7,47.1,5.9,11.2
Hilton Head Island-Bluffton-Beaufort,SC,Metro,310M400US25940,180891,5,75.4,12.2,0.9,2.4,1,8,23.2,5.5,4.1,6.1,10.7,14.1,18.2,12.6,15.3,5.6,7.8,63723,26492,43.7,30.3,39047,67.5,41.4,11.8,8.4
Hinesville,GA,Metro,310M400US25980,60090,11.4,78.4,14.3,0,1.9,2.4,3,24.5,8.1,4.8,12,7.2,20.2,24.7,10.2,9,2.9,1,47234,9425,22.8,18.8,24197,64.8,32.1,13.4,13.5
Hobbs,NM,Micro,310M400US26020,51076,6.2,80,13,0,2.3,1.4,3.2,21.1,6.2,8.1,7.6,10.5,16.3,19.3,11.5,12.1,5.8,2.6,50871,14459,26.9,7.1,22438,54.4,37.8,14.9,13.6
Holland,MI,Micro,310M400US26090,92850,3.6,86.4,7.1,0.6,0.6,1.3,4,24.4,4.8,3.4,8.6,12.5,10.5,21.6,14.4,15.5,5.8,3,61353,11978,34.4,19.2,24547,78.8,33.3,2.8,8.6
Homosassa Springs,FL,Metro,310M400US26140,128567,6.8,82.3,7.3,0.5,0.2,3.1,6.7,27.6,9.1,5.9,14.6,13.9,18.6,19.1,6.1,7.9,2.8,2.1,39964,17001,64.6,35.6,23171,57.4,57.5,9.3,11.8
Hot Springs,AR,Metro,310M400US26300,81395,3.4,81.3,12.2,0.6,0.9,1.4,3.5,21.9,9.4,4.9,11.8,13,14.7,19.6,11.4,8.9,3.8,2.5,42779,20911,46,26.9,22813,52.9,55.1,10.1,17.9
Houma-Thibodaux,LA,Metro,310M400US26380,163170,7.5,81.5,8.6,0.2,1.2,4.6,3.8,29.4,7.5,5.3,12.2,10.7,13.3,15.8,14.1,11.6,5.4,4,51440,19964,35.1,15.3,22626,61,43,6.4,12
Houston-The Woodlands-Sugar Land,TX,Metro,310M400US26420,5338778,5.4,81,9.4,2,0.9,1.7,4.9,30,5.8,3.6,8.5,8.7,11.9,17.2,12.2,15.3,7.4,9.4,65394,28833,22.7,11.8,26849,61,27.2,18.6,11.4
Huntington-Ashland,WV-KY-OH,Metro,310M400US26580,287303,4.9,85.3,8.3,0.7,1.8,1.1,2.7,24.6,11,6.5,11.2,12.2,14.4,17.4,10.3,11.1,3,3,45535,17202,40.5,24.1,26664,63.2,46.3,6.2,13.2
Huntsville,TX,Micro,310M400US26660,73802,3.5,80.1,4.2,2.8,5,1.1,6.9,27.6,15.8,7.9,11.1,11.4,12.4,14.3,10.8,9,5.4,1.9,40500,16335,34.7,24.8,32956,69.1,30.8,14.4,15.2
Huntsville,AL,Metro,310M400US26620,373428,5.2,88.4,5.2,0.2,0.9,1.1,4.1,22.8,5.9,4.6,9.5,8,12.2,17.7,13,14.9,7.7,6.4,63765,20283,29.2,22.6,31793,76.5,30.3,8.2,8.5
Hutchinson,KS,Micro,310M400US26740,50131,4.6,82.6,7,0.6,1.3,3.6,4.8,17.8,5.2,7.9,7.2,13.6,17.6,19.5,13.8,11.2,2.1,1.8,48837,13848,39.5,17.1,19107,75.5,33.1,8.9,6.7
Idaho Falls,ID,Metro,310M400US26820,106823,5.6,76.6,10.9,3.1,1.5,2.3,5.6,20.7,5.5,4,7.1,8.4,16.2,21.5,12.9,13.5,5.9,5,58880,19985,30.5,16.9,24241,70.8,29.5,9.8,7.8
Indiana,PA,Micro,310M400US26860,71293,4.1,80.9,8.2,0.1,6.1,1.5,3.2,23.4,7.8,4,14,9.2,15.5,19,12.7,12.6,3.5,1.9,49448,13809,36.7,25.9,18640,70.8,37.8,7.6,7.3
Indianapolis-Carmel-Anderson,IN,Metro,310M400US26900,1599212,4.5,83.4,8,0.9,1.3,1.4,5,25.4,5.8,3.8,8.8,9.2,13.3,18.8,13.2,15.5,5.7,5.9,61022,22184,27.4,16.9,22290,71.5,30.9,8.4,8.3
Iowa City,IA,Metro,310M400US26980,141324,3.4,73.3,8.5,4.4,7,2.5,4.3,20.2,8.6,4,9.1,7.6,11.3,16.3,11.2,17.5,5.4,8.9,64635,24801,23,15.6,28970,79.4,26.4,6.5,8.1
Ithaca,NY,Metro,310M400US27060,89103,3.6,58.9,8.1,9.3,15.6,1.6,6.4,19.9,7.2,6.2,7.9,9.8,13,17.5,11.7,14.9,4.7,7.1,57276,23581,24,18.2,28401,79.8,32.6,2.3,5.5
Jackson,MI,Metro,310M400US27100,129716,6.7,85.7,7,0.2,2.7,0.9,3.5,21.7,6.8,4.9,12.7,10.5,14,20.3,11.3,12.8,3.9,2.8,51031,15637,38.6,23.1,20102,65.4,44.6,6.6,9.6
Jackson,MS,Metro,310M400US27140,462538,6.2,85.1,9.8,0.2,0.9,0.9,3.1,24.6,6.2,4.8,11.5,10,13.3,18.9,13.6,11.9,5.2,4.7,55700,18124,31,19.6,25244,65.6,34.9,9.9,10.6
Jackson,TN,Metro,310M400US27180,103648,5.8,81.1,11,0,1.6,3.1,3.2,21.2,9.3,5.8,12.7,10.3,16.1,15.9,12.1,10.4,4.2,3.2,45610,19790,35.5,19.3,22525,57.4,43.5,11.4,14.9
Jacksonville,FL,Metro,310M400US27260,1229647,5.4,80.3,8.5,0.9,1.6,2.3,6.4,26.9,5.8,3.9,9.5,9.1,13.1,19.4,13,14,5.7,6.5,60238,24429,31.3,19.7,31518,67.2,33.3,11.6,9.4
Jacksonville,NC,Metro,310M400US27340,152605,7.8,76.3,11.5,0.1,7.3,0.5,4.2,22.3,8.1,2.5,9.1,12,17,20.6,14.6,12.3,2.5,1.3,50639,11340,21.1,24.3,23111,72.7,33.2,9.3,12.8
Jamestown-Dunkirk-Fredonia,NY,Micro,310M400US27460,105623,5,77.8,10.4,0.2,4.1,3.1,4.4,17.6,6.7,9.1,13.7,10.7,13.5,17.4,12.1,12,2.7,2.1,45479,15443,38.1,23.1,22106,63.1,47.3,6.5,14
Janesville-Beloit,WI,Metro,310M400US27500,130594,4.6,79.7,11.2,0.8,2.7,2.3,3.3,23,3.5,5.4,9.2,9.3,16.4,20.8,15.1,13.6,4.5,2.2,57037,14486,35.5,22.1,21332,71.6,38.3,5.6,7.9
Jefferson,GA,Micro,310M400US27600,55402,2.3,-999999999,-999999999,-999999999,-999999999,-999999999,-999999999,29.9,1.3,1.8,8.7,8.5,8.8,23.2,11.5,23.6,8.7,4,73150,12449,31.2,18.1,24627,69.7,29.9,10.8,2.1
Jefferson City,MO,Metro,310M400US27620,121777,2.8,83.5,10.4,0.6,1.7,0.7,3.1,20.7,5.5,3.6,8.8,8.8,14,21.9,13.8,15.8,4.9,3,60281,13099,32,25.3,25928,76.3,27.5,8.6,7.8
Johnson City,TN,Metro,310M400US27740,169914,3.8,84.6,6.2,0.3,1.7,2.6,4.6,21.4,9,5.9,12.6,11.3,14.5,18.7,12.4,8.8,2.8,3.9,45839,18500,39.1,20.3,19351,65.8,41.4,8.6,11
Johnstown,PA,Metro,310M400US27780,109575,4.3,78.8,9,1,4.1,2.7,4.5,24.8,8.2,5.7,12.7,12.3,14.3,17.5,12.5,12.2,3.3,1.2,45084,13183,45.2,28.5,17559,69.7,46.6,3.3,9.8
Jonesboro,AR,Metro,310M400US27860,103159,6,85.6,9.5,1,1,0.2,2.8,19,8.8,5.6,16.9,9.8,15,17.5,11.9,9.6,2.5,2.5,43927,16163,35.8,14.5,24967,56.6,45.1,8.6,14.8
Joplin,MO,Metro,310M400US27900,140076,4.1,80.8,12.3,0.4,1.3,1.2,4,19.3,7.1,4.4,11.6,12.9,17.1,20.1,11.3,9.3,2.8,3.4,47012,20741,35.2,18,20866,59.6,37.8,14.1,14.1
Kahului-Wailuku-Lahaina,HI,Metro,310M400US27980,134688,3.5,72.7,12.3,3.3,2.2,2.6,6.8,23,3.3,2,5.9,7.8,11.6,14.9,14,21.3,7.8,11.4,82917,22566,38.2,23.7,24773,76.7,32.7,4.6,3.5
Kalamazoo-Portage,MI,Metro,310M400US28020,274284,5.8,81.4,8.5,1.6,2.9,1.3,4.4,21.3,6.2,4,10.1,10,13.8,19.4,11.7,15.5,4.6,4.6,56016,19417,32.6,19.9,22067,71.3,36.6,6.1,8.3
Kalispell,MT,Micro,310M400US28060,82687,2.7,80.2,6.7,0,3.5,0.6,9.1,18.9,3.6,4.7,10.7,11.8,15.2,21.1,10.2,10.8,6.3,5.6,53193,24742,35.2,22.2,26766,61.8,44,8.7,8.3
Kankakee,IL,Metro,310M400US28100,87441,4.3,82.8,9,0.8,1.1,2.6,3.7,24.3,8.1,5,11.8,11.2,12.8,15.2,12.7,15.6,4.6,3.1,51404,17144,35.1,17.8,18319,67.1,39.6,4.1,11.6
Kansas City,MO-KS,Metro,310M400US28140,1683577,3.8,83.8,7.8,0.9,1.2,1.2,5.2,23.5,4.8,3.6,7.8,9,12.6,18,13.5,16.7,7.1,6.9,65768,22938,29.5,18.3,24725,74.7,27.8,9.2,6.9
Kapaa,HI,Micro,310M400US28180,58085,2.6,69.4,15.4,1.5,0.9,2.2,10.7,20.5,4.4,2.5,7.2,8.8,10.4,13.1,14.2,22.1,9.6,7.8,80921,16517,45.6,25.3,30833,66.1,40.3,6.5,3.6
Keene,NH,Micro,310M400US28300,64295,4.4,79.3,6.1,0.4,2.5,2.7,9,23.2,2,6.3,13.1,8.2,13.6,17.4,10.9,17.7,4.7,6,59186,23820,41,20.2,22535,70.2,36.1,6,6.8
Kennewick-Richland,WA,Metro,310M400US28420,219810,5.8,81,10,0.7,1.5,1.6,5.3,22,3.2,2.9,7.8,9.4,13.7,20.7,13.1,16.4,7.1,5.9,64908,19936,28.2,18.4,29591,60.8,41.3,10.5,7.9
Key West,FL,Micro,310M400US28580,65257,3.1,73.3,5.3,0.6,3.2,13,4.6,17.8,3.8,2.1,7.3,9.3,14.6,13.7,16.1,13.7,7.9,11.4,71973,45463,34.8,17.8,37148,62,36.4,16.7,8.2
Killeen-Temple,TX,Metro,310M400US28660,344042,7.3,78.3,12.3,0.1,3.2,0.7,5.4,21.9,6.2,4.5,9.7,10.1,16.1,19.8,13.5,14,4,2,53686,13822,25.4,22.4,26254,68.6,33.7,12.6,10.3
Kingsport-Bristol-Bristol,TN-VA,Metro,310M400US28700,254161,6,87.5,6.4,0.3,1,1.6,3.2,23.8,8.7,7.1,13.9,11.9,15.1,16.9,10.8,10.1,3.2,2.3,41957,19566,46.5,23.8,19906,60.5,46.5,9.9,14.2
Kingston,NY,Metro,310M400US28740,151260,4.4,72.6,7.3,3.9,4.9,1.8,9.5,28.5,5.2,4.9,8.4,8,11.5,18.2,13.2,14.7,8.2,7.7,63889,24927,35.1,23.6,28555,69.2,40.2,5.3,7.4
Klamath Falls,OR,Micro,310M400US28900,53848,9.7,80.3,12,0.1,1.3,0.7,5.6,15.3,8.8,3.6,15.4,11.3,14.8,19.4,15.3,7.7,2.6,1.3,45354,11205,43.2,22.5,24201,53.1,53.4,10.4,13.8
Knoxville,TN,Metro,310M400US28940,722018,5.1,84.9,7,0.7,1.3,0.9,5.2,24.1,6.4,5.4,10.7,10,13.8,19,12.8,12.4,5,4.5,53523,20436,35.9,21.7,23984,68.5,37.2,8.8,9.6
Kokomo,IN,Metro,310M400US29020,65655,3.7,84.5,9.5,0.7,0.4,2.3,2.6,19.6,5.9,5,9.5,10.1,13.2,20.5,14.4,14.1,4.1,3.1,55868,13655,38,27.4,19117,71.7,38,6.2,10.1
La Crosse-Onalaska,WI-MN,Metro,310M400US29100,112374,3.4,82,7.6,0.5,3.8,1.9,4.2,17.6,4.5,3.8,8.3,11.2,14.2,19,12.8,17.1,4.5,4.7,60402,19147,31.8,21.7,19211,80.5,29.5,3.7,3.5
Lafayette,LA,Metro,310M400US29180,381876,6.5,85.8,7.8,0.2,1.5,1.4,3.2,27.5,7.8,6.3,12,11,12.2,17.2,12.2,12.7,4.8,3.8,50825,18307,31.4,14.8,21172,61,43.4,7.2,14.7
Lafayette-West Lafayette,IN,Metro,310M400US29200,181588,4.9,78.4,9.8,2.7,4.6,1.5,3,20,9,4.3,10.6,11.6,14,18.6,11.4,12.7,4.7,3.2,50799,17734,27.1,14.9,22160,74.8,27.5,7.9,7.7
LaGrange,GA,Micro,310M400US29300,54813,4.5,84.8,12.1,0,0.2,1.8,1.1,25.3,8.5,8.3,13.8,10.4,13.6,15.9,9.6,11.6,4.2,4.1,44260,20844,33.8,17,25744,68.9,32.2,9.2,21.8
Lake Charles,LA,Metro,310M400US29340,163760,4.2,83,10.6,0,1.3,1.6,3.5,21.8,5.9,4.3,14,12.5,14.3,15.7,10.7,12.6,5.9,4.3,49072,20976,33.3,21.7,26559,61.1,42.3,8.4,11.6
Lake City,FL,Micro,310M400US29380,56678,10.5,81.5,11.8,0,0.8,2.7,3.2,24.5,6.5,6.5,12.7,9.8,16.1,18,14.1,9.1,4.2,3.1,48848,20125,40.5,21.9,20837,58.5,43.1,13.5,7.6
Lake Havasu City-Kingman,AZ,Metro,310M400US29420,177746,9.9,79,10.6,0.6,1.1,2.8,5.9,21.2,8.3,4.6,13.2,12.8,15.4,21.3,11.8,8.4,2.2,1.8,46060,11146,53.8,30,23790,54.2,59.8,7.8,11.2
Lakeland-Winter Haven,FL,Metro,310M400US29460,570169,5,83.1,9.8,0.3,1.1,1.6,4.1,29.1,6.9,4.5,10.4,10.5,16,20.5,13,10.8,4.2,3.3,51670,15697,41.2,21.2,26208,59.7,41.8,12.3,12.1
Lancaster,PA,Metro,310M400US29540,430023,3.7,74.5,12.9,0.9,3.8,2,5.8,22.8,4,3.6,7.2,9,13.2,19.3,14.8,17.8,5.5,5.5,66277,19150,34.3,20.4,25843,68.4,33.1,12.8,4.7
Lansing-East Lansing,MI,Metro,310M400US29620,395591,5.3,79.6,9.3,2.3,3.3,1.9,3.6,21.8,6.5,4.6,9.3,9.6,12.4,19.8,14.3,13.5,5.6,4.4,59494,17331,32,24.3,27636,76.1,35.1,4.5,7.9
Laredo,TX,Metro,310M400US29700,195021,5.3,79.5,11.7,1.7,1.3,2.3,3.5,21.2,10.2,6.9,12.3,10.5,13.3,17.9,10.7,11.6,3.7,3,46862,15439,26.4,7,29508,43.4,33.3,29.2,22.8
Las Cruces,NM,Metro,310M400US29740,170868,6.2,82.4,9.3,0.8,2.9,0.7,4,21.9,10.2,8.9,19.2,11.5,10.9,14.7,8.5,10.3,3.4,2.4,35262,22490,34.3,18.7,26464,47.9,54.7,10.2,22
Las Vegas-Henderson-Paradise,NV,Metro,310M400US29820,1770261,5.9,78.7,9.8,3.3,1.4,2.7,4.1,25.4,7.1,3.8,9,9.7,14.4,17.9,12.9,13.9,5.9,5.4,57076,23253,28.2,17.1,32192,63.1,35.3,11.7,10
Laurel,MS,Micro,310M400US29860,65066,2.7,-999999999,-999999999,-999999999,-999999999,-999999999,-999999999,25.1,8.6,6.5,12.9,12.3,12.1,19.7,14.3,9.6,2.2,1.9,44439,12935,33.7,19.1,21542,65.8,38.1,8.9,14.5
Lawrence,KS,Metro,310M400US29940,101645,4.5,75.1,9.9,3,6.2,1.2,4.7,21,8.5,4.6,10,8.7,12.7,18.8,10.6,15.8,6,4.4,54668,19862,24.3,14.4,23499,82.8,23.7,5.2,8.3
Lawton,OK,Metro,310M400US30020,99063,6.3,75.6,10.2,1.3,1.4,0.2,11.4,19.3,6.7,6.3,10.5,8.9,15.4,21.4,11.4,13.8,3.3,2.4,52034,14337,30.2,25.8,28110,67.3,36.6,13,12.2
Lebanon,PA,Metro,310M400US30140,113314,3.8,84.7,9,0.8,1.3,0.7,3.5,21.1,4.6,3.6,9.8,8.4,12.9,21.9,16.1,15.7,4.2,2.9,61362,11951,39.9,25.5,20529,68.8,39.5,9.3,7.9
Lewiston,ID-WA,Metro,310M400US30300,50348,5.2,85.1,6.2,0.2,2.5,1.7,4.2,19,6.6,2.9,12.8,12.6,14.2,16,15.6,13.2,3.6,2.5,51330,14345,45.7,28.3,21861,65.4,44.6,8.4,9.1
Lewiston-Auburn,ME,Metro,310M400US30340,87765,5.2,77.1,14.5,0.3,3.1,1.8,3.2,24.5,6.5,5.1,12.7,9.2,16.7,17.2,12,14.1,3.5,3,49697,15581,36.4,20.2,17964,69.3,36.4,8.1,10.1
Lexington-Fayette,KY,Metro,310M400US30460,415015,4.9,80.2,9.3,1.3,3.5,1.2,4.5,22.2,6.1,3.8,8.6,10.8,15.2,17.3,12.6,14,5.9,5.7,56784,24397,27.6,18.4,27776,70.8,34.7,6.6,9.5
Lima,OH,Metro,310M400US30620,82411,4.8,82.4,10.2,0.4,1.6,1.5,3.8,20.4,6.2,5.3,14,9.2,16.1,20.7,10.3,14.3,2,2,49063,14133,35.2,21.5,19492,72.1,38.1,5.8,7.8
Lincoln,NE,Metro,310M400US30700,265809,3,80.8,8.4,1,3.6,1.5,4.7,19.2,4.8,3.6,9,9.9,14.5,19.8,12.7,15.9,5.8,4.1,58506,17499,26.5,14.6,25425,78.3,26.4,6.9,6.5
Little Rock-North Little Rock-Conway,AR,Metro,310M400US30780,586149,3.8,85.2,8.6,0.4,1.1,1.5,3.2,23.4,7.3,5.4,10.1,10.2,15.6,16.3,10.5,14.6,4.9,5.1,52102,23732,32.3,19.5,23038,67.2,40.1,6.6,11.4
Logan,UT-ID,Metro,310M400US30860,103060,2.2,77.9,10.6,1.9,2.4,1.5,5.8,17.7,5.8,4.6,6.2,11.9,12.7,20.9,16.6,13.8,4.8,2.9,59414,11723,22.9,16.3,24344,79.7,20.7,7.3,11.1
London,KY,Micro,310M400US30940,100420,5.8,85.4,9.1,0,1.7,0.1,3.7,20.7,12.5,7.2,14,12.5,14.3,17.7,8.8,8.1,2.8,2.1,38753,13694,42,17.9,20994,47.8,57.7,5.3,19.5
Longview,WA,Metro,310M400US31020,86221,5.6,80.2,10.6,0,2.2,2.1,4.9,27.5,6.2,2.3,11.5,10.3,14,19.4,13.6,13.3,5.3,4.1,59225,17867,39.6,26.8,25610,64.4,47.5,6.7,8.5
Longview,TX,Metro,310M400US30980,172700,6.2,83.5,9.8,0.5,1.8,0.6,3.8,23,7.6,4.7,10.3,11.5,14.5,16.6,12.4,14.6,3.9,3.9,51296,19934,35,14.8,21346,58,32.3,20,10.6
Los Angeles-Long Beach-Anaheim,CA,Metro,310M400US31080,10733285,5.2,75,9.5,4.8,2.5,2.3,5.9,31.3,5.6,4.1,7.6,7.3,10.6,15.8,12.4,16.6,8.5,11.4,72563,31987,25.6,12.6,35087,60.7,38,8.5,9.7
Louisville/Jefferson County,KY-IN,Metro,310M400US31140,1041495,4.8,82.2,8.5,1.7,1.3,1.4,4.9,23.8,6.1,4.9,9.2,9.5,13.5,18.3,12.7,14.2,5.8,5.7,57405,22152,32.4,20.4,25739,70,38.1,5.5,10.3
Lubbock,TX,Metro,310M400US31180,250454,3.3,78.3,13.4,1.2,2.1,1.1,4,16.5,9.3,5.5,12,9.4,13.8,15.6,12.9,13.4,4.5,3.7,49974,20286,25.3,13.5,25000,69.6,28.7,12,10.7
Lufkin,TX,Micro,310M400US31260,67221,5.6,72.6,19.2,0,2.1,1.4,4.7,21.9,7.3,6.1,11.6,14.9,13.2,20.1,11.2,8.9,5.6,1.1,47519,11224,33.5,24.1,20228,50.6,41,19.6,14.9
Lumberton,NC,Micro,310M400US31300,103123,4.7,88.3,7.7,0.5,0.7,1.1,1.6,24.5,14,8.1,13.7,14.2,14.6,17.3,8.8,6.8,1.9,0.7,35037,11884,34.7,20,19964,47.9,47.1,14.7,18.9
Lynchburg,VA,Metro,310M400US31340,219117,5,82.5,8.2,1.2,2.1,2.1,4,23.5,5.2,5.1,11.7,13.2,13.3,18.1,13.8,13,3.9,2.6,51143,16599,37.7,24.3,21269,70,34.7,9.7,8
Macon-Bibb County,GA,Metro,310M400US31420,179700,7.8,84.8,8.6,1.2,2.8,0.9,1.7,22.6,13.2,5.8,12.5,11.2,12.9,16.8,11.6,9.2,3.6,3,42615,16749,37.9,20.6,23201,57.7,40.6,14.7,19.7
Madera,CA,Metro,310M400US31460,119395,11.5,75.7,12,0.1,0.8,7.6,3.7,31.8,5.2,4.5,8.7,9.4,16.4,21.8,11.3,13.7,4.5,4.4,56305,15512,35.3,20.4,30806,54.4,55.8,9.4,17.8
Madison,WI,Metro,310M400US31540,539502,1.8,76.1,6.6,3.9,5.5,3.4,4.6,21.5,4.5,2.4,6.9,7.6,12.9,19,13.3,18.6,7.1,7.7,70463,23101,25.5,18.1,28801,83,25.2,3.9,4.3
Manchester-Nashua,NH,Metro,310M400US31700,340143,3.9,81.8,7.5,1.4,1.9,1,6.5,28.7,4,2.3,7.3,8.2,10,15,14.9,18.6,8.7,10.9,78978,23978,30.5,17.6,23748,75.9,29.7,6.1,5.1
Manhattan,KS,Metro,310M400US31740,80654,5.9,75.9,8.4,0.2,6.8,2,6.7,16.5,7.8,3.6,14.4,10.3,14.6,16,13.3,11.2,5.1,3.6,49200,18346,24,17.4,33964,82.2,25.2,4.8,8.3
Manitowoc,WI,Micro,310M400US31820,64781,1.3,86.9,5,0.1,2.3,1.6,4.1,20.1,4.1,4.6,11.8,10.3,16.2,20.8,13.4,12.4,4.1,2.3,54393,12335,36.1,17.6,17541,75.4,36.4,5.1,7.7
Mankato-North Mankato,MN,Metro,310M400US31860,82972,1.6,80,6.3,1.4,2.1,1.6,8.6,19.1,3.7,6.3,9.2,10,12.2,18.6,15.5,15.6,5.6,3.3,60255,15729,27.7,13.6,24976,79.4,30.7,2.9,7
Mansfield,OH,Metro,310M400US31900,98254,4.4,84.9,8.7,0.2,1.1,0.4,4.7,23.2,8.9,5.9,10.3,9.2,16,22.2,11.6,11.4,2.6,2,49564,11974,40.8,23.6,19494,66.6,41.2,8.4,10.9
Marinette,WI-MI,Micro,310M400US31940,53052,3.2,83.6,8.8,0.1,3.6,1.1,2.9,20.8,6.3,7.1,12.1,11.2,14.7,23.7,12.9,7.5,2,2.5,48215,11971,40.9,23.5,17090,69,43.9,4.3,9
Marion,OH,Micro,310M400US32020,52627,4.2,79.3,15.4,0.5,0.7,1.3,2.8,24.2,10.3,5.8,12.6,10.6,17.9,18.1,12.2,7.5,3.7,1.4,43008,11534,38.3,24.9,19320,54.5,52.8,6.6,12.6
Marion,IN,Micro,310M400US31980,54145,6.6,73.3,9,0,8.9,3.8,4.9,19.2,6.7,6.6,13.1,10.9,18.2,20,12.6,9.5,1.8,0.6,44839,9898,40.2,24.9,11909,64.4,46.6,7.1,15.8
Marquette,MI,Micro,310M400US32100,55205,5.7,78.6,8,0.3,7.3,2.7,3.2,17.5,7,4.6,7.9,9.4,16.1,21.3,18,9.5,3.5,2.7,54779,11696,37,29.5,26185,77.1,38.4,4.8,8
Marshall,TX,Micro,310M400US32220,52209,4.8,82.7,8.2,0,2,1.5,5.6,21.5,7.7,4.6,10.3,8.5,18.1,16.3,12.6,15.2,2.9,3.7,50561,18355,37.9,21.6,16256,58.3,38.4,14.4,7.6
Martinsville,VA,Micro,310M400US32300,55198,5.4,86.6,8.4,0.5,0.7,1.7,2.1,22.2,14.3,10,13.4,17.5,15.8,13.1,8.2,5.8,0.7,1.1,30040,12552,47.9,20.5,13937,48.4,50.5,13.4,22.1
Mayaguez,PR,Metro,310M400US32420,75056,24.8,-999999999,-999999999,-999999999,-999999999,-999999999,-999999999,23.3,41.5,12.5,18.5,8,8.5,5.7,2.5,1.7,0.3,0.8,12913,10591,50.4,18.7,16690,38.9,66.8,3.1,45.8
McAllen-Edinburg-Mission,TX,Metro,310M400US32580,614895,6.3,79.7,9.1,0.1,1.1,3.6,6.4,22.6,12.3,9,13.5,11.5,13.2,16.4,9.4,9.6,2.9,2.3,39165,16793,28.1,11.4,24904,37,37.2,30.6,27.8
Meadville,PA,Micro,310M400US32740,69543,5.5,76.3,11.1,0.8,5.5,0.9,5.4,22.1,5.3,6,10.6,12.9,13.3,21.6,14.6,10.5,3,2.1,51502,13143,42,25.7,19333,68.4,42.5,7.7,8
Medford,OR,Metro,310M400US32780,180233,5.4,75.3,9.5,1.8,4.6,2,6.7,19.4,6.7,2.9,11.2,10.3,13.7,19.5,14.3,13,3.9,4.5,56546,18551,38.8,20.3,29748,60.8,48.1,7.1,10
Memphis,TN-MS-AR,Metro,310M400US32820,1056054,7.5,86.1,9,0.7,0.9,0.9,2.5,24.2,8.8,5.8,10.8,10.6,13.5,17.1,11.2,12.4,4.8,4.8,50338,21159,29.9,17,26378,63.8,35.5,12,14.1
Merced,CA,Metro,310M400US32900,203248,10.3,79.1,9.7,0.6,2.1,6.2,2.3,29.1,6.4,5.2,9.3,11.1,12.5,18.1,15,14.3,4,4.3,57745,18968,28.5,16,29028,48,53.6,8,16.1
Meridian,MS,Micro,310M400US32940,79877,7.4,84.5,10.7,0,1.1,1.9,1.8,22.9,16.8,8.9,11.3,9.7,15.9,15.5,7.8,8.2,4.2,1.6,37816,16991,40.1,17.9,18472,58.9,44.7,9.2,18.7
Miami-Fort Lauderdale-West Palm Beach,FL,Metro,310M400US33100,5089225,5.1,77.7,9.2,3.1,1.4,2.8,5.7,30.5,7.4,4.4,10.2,9.5,13.1,17.7,11.5,13,5.9,7.4,56328,29363,33.3,12.8,28004,58.7,33.4,15.2,10.9
Michigan City-La Porte,IN,Metro,310M400US33140,89123,6,83.2,9.6,1.6,2.3,0.5,2.8,24.6,5.2,7.1,12,9.1,14.6,19.6,14.4,10.5,4.6,2.9,51584,17081,39.3,22.1,25976,67.4,41.8,7.3,12.2
Midland,MI,Metro,310M400US33220,67552,5.5,83.7,10.1,0.5,1.4,0.8,3.5,22.7,6.1,4.5,9.5,11.6,11.7,19,12.9,12.6,5.3,6.8,56091,25417,37,27.6,26718,72.2,42,3.9,11.2
Midland,TX,Metro,310M400US33260,130723,1.8,82.8,9.5,0.1,0.8,2.8,4,20.4,3.7,4.1,6.5,5.7,10.2,15.5,16.1,18.7,8.7,11,80747,29763,22.6,13.7,21835,73.5,22.9,12.2,7.8
Milwaukee-Waukesha-West Allis,WI,Metro,310M400US33340,1254071,3.7,81.5,7.5,2.6,2.3,1.1,5,23,6.2,4.7,8.9,9.1,13.1,17.2,12.4,15.5,6.4,6.4,60643,24188,30.5,18,24249,71.8,34.1,5.4,9
Minneapolis-St. Paul-Bloomington,MN-WI,Metro,310M400US33460,2866310,3.2,77.4,8.1,4.5,2.4,1.7,5.9,25.5,4.1,2.9,5.9,7,10.8,16.5,13.9,19.5,9.5,10,79578,24622,26.3,16.5,28028,77.8,30,4.3,5
Minot,ND,Micro,310M400US33500,60108,3.2,84.7,10.7,1.2,1.3,0.3,1.7,21,7.8,6.4,8.2,7.9,10.9,19,14.7,15.9,5.3,3.9,65085,8095,25.6,11.6,20221,85,25.8,4.2,4.3
Missoula,MT,Metro,310M400US33540,98913,2.8,70.9,12,1.4,6.9,4.2,4.5,18.2,7,5.1,6.3,10.4,13.4,22.6,12.4,13.3,5.4,4.1,56598,18334,28.3,15.3,22552,72.6,34.5,5.6,5.3
Mobile,AL,Metro,310M400US33660,328844,5.6,85.5,7.7,0.3,1.1,1.5,3.9,24.9,9.5,7,13.8,10.7,14.4,17.2,11.8,9.8,3.1,2.7,43061,17718,34.6,21.9,19837,58.8,40.5,12,15.1
Modesto,CA,Metro,310M400US33700,418513,8.8,83.2,8.2,1,1.2,0.9,5.5,31.1,5.1,4.4,10.2,9,12.8,19.4,12.1,15.9,5.7,5.4,60321,18049,30.7,16.8,24208,58.5,45.7,5.3,11.8
Monroe,LA,Metro,310M400US33740,138767,7.2,83.4,10,1.3,1.2,0.5,3.6,23.7,12.2,5.1,12.3,12.4,12,16.6,9.3,11.5,4.5,4.1,44353,22589,31.4,16.9,23469,60.2,44.3,8.4,14.8
Monroe,MI,Metro,310M400US33780,122210,4.6,87.6,7.4,0.2,1.1,1,2.8,26.9,4.3,4.8,7.4,9.1,12.9,20.7,13.7,16.3,7,3.8,61916,16018,38.3,25.1,20850,78.5,35.3,2.9,6.6
Montgomery,AL,Metro,310M400US33860,298057,5.7,86.4,7.9,0.3,1.8,0.8,2.8,23.2,9.3,5,12,8.1,13.2,17.7,13.9,12.2,4.9,3.8,51943,20044,35.1,20.2,26896,64.9,38.6,10.2,13.8
Morehead City,NC,Micro,310M400US33980,58873,4.5,82.3,7.4,1,1.2,2.7,5.3,24.5,4.6,4,9.2,12.4,14.7,21.8,13.7,12.6,3.4,3.6,54833,14106,46.4,32.4,26555,70.1,41.3,12.1,3.6
Morgantown,WV,Metro,310M400US34060,118793,7.1,77.7,10.5,1.4,5.1,0.5,4.8,23.7,10.7,4.9,8.6,10.6,14.6,17.3,9.3,12.9,5.4,5.6,50574,25078,29.6,21.8,22524,76.4,31.6,5,8.6
Morristown,TN,Metro,310M400US34100,95938,6.7,84.9,10.3,0.4,0.4,0.2,3.9,23.6,5.7,4.8,14.8,10.8,16.8,19.4,13.5,9.3,2.5,2.4,47439,15544,46.6,20.6,23534,61.4,42.4,10.2,11.4
Moses Lake,WA,Micro,310M400US34180,71819,2.9,76.6,12.9,0.5,3.2,3.1,3.7,18.4,6.7,2.4,14.4,7.4,17.1,15.7,15.8,14,4.2,2.3,53057,13818,32.5,17,25565,51.7,44.5,12.2,7.4
Mount Airy,NC,Micro,310M400US34340,58278,3.1,88.9,8.3,0.1,0.6,0.8,1.3,25.9,8.8,7.4,11.4,11.9,11.5,19.7,13.9,9,3.5,3,48398,14096,42.5,17.8,21579,64.6,37.9,11.9,10.3
Mount Pleasant,MI,Micro,310M400US34380,60286,6.9,74.7,11.2,1.4,7,2,3.8,16.4,10.4,5.4,11.6,11.7,12.8,20.4,10.6,10.7,2.5,3.8,46198,17991,28.5,17.6,19782,72.1,31.8,8.9,12
Mount Vernon-Anacortes,WA,Metro,310M400US34580,103110,5.4,77.5,10.3,0.9,1.7,1.3,8.1,28.5,5.2,3.3,5.4,7.8,13.3,16.4,18.9,16.7,6.4,6.5,73206,16066,36.9,23.6,28489,67.7,41.5,7.1,5.1
Muncie,IN,Metro,310M400US34620,95928,5.7,82,6.2,1.9,4.8,1.8,3.4,20.3,9.8,5.2,15.3,13.1,13.2,17.6,13.3,7.9,1.3,3.3,41662,14168,35,22.1,15189,67,39.4,7.7,14.3
Muskegon,MI,Metro,310M400US34740,138591,5.2,86.3,9.3,0.4,1.1,0.5,2.4,22.2,5.9,6.2,8.9,12.2,16.7,19.6,11.8,12,3.7,2.9,50080,15038,38.2,23.5,18537,66.2,44.6,4,10.6
Muskogee,OK,Micro,310M400US34780,53667,4.5,86.5,6,0.5,0.5,2.3,4.2,21.9,9.1,6,10.5,13.1,15.2,19.4,9.5,11.5,3,2.6,45290,17112,38.2,17.1,22324,57.2,40,16.5,9.6
Myrtle Beach-Conway-North Myrtle Beach,SC-NC,Metro,310M400US34820,408365,5.2,81.5,8.3,0.4,1.5,1.9,6.5,22.8,5.8,4.8,11.3,11.1,14.8,21.3,12.3,11.6,3.3,3.6,51580,16528,48.5,30,30733,63.2,44.5,12.9,8.8
Nacogdoches,TX,Micro,310M400US34860,51893,5.9,77,14.8,0.5,4.1,1.3,2.3,25,7.4,8.5,12.6,9.3,16,19.4,11.3,10,1.3,4.1,46459,14820,30.5,20.4,20615,57.3,36.2,15.5,12.7
Napa,CA,Metro,310M400US34900,114103,5.5,76.9,7.4,2.2,3.1,3.9,6.5,27.8,3.3,2.2,6.5,7.2,8.4,15.9,13.1,18.9,11.1,13.3,87025,25953,34.3,24,35448,68.5,38.8,6.8,6.6
Naples-Immokalee-Marco Island,FL,Metro,310M400US34940,321278,4.2,72.2,15.4,0.7,1.7,1.6,8.4,24.2,3.3,4.4,7.6,8,13.1,17,13.1,13.8,8,11.8,69867,42276,50.5,27.1,45051,60.4,44.7,16.2,6.7
Nashville-Davidson--Murfreesboro--Franklin,TN,Metro,310M400US34980,1534538,3.8,80.9,9.2,0.8,1.5,1.4,6.2,28.1,4.7,3.4,7.3,8.9,12.9,18.7,14.3,16.2,6.4,7.1,65919,23837,27.5,16.1,23472,71,29.4,9.7,8.6
New Bern,NC,Metro,310M400US35100,100124,7.2,78.6,12.8,0,2.1,2.2,4.4,18.9,8,6.4,11.3,12,12.8,17.8,14.2,9.9,4.2,3.3,48557,17087,42.2,27.5,24883,66.8,42.2,9.5,11.2
New Castle,PA,Micro,310M400US35260,71732,7,80,12.5,1.1,2.2,0.4,3.8,23.2,8,5.9,12.5,11.4,13.9,18.6,12.7,10.9,4.5,1.7,47853,14006,40.5,24.5,18553,67,47.3,4.8,11.8
New Haven-Milford,CT,Metro,310M400US35300,705905,5.6,77.8,8.1,3.7,3.9,1.5,5,25.2,5.8,5,7.6,8.1,11.3,16.4,12.7,15.4,8.4,9.3,67845,26498,33,18.9,28150,66.6,39.7,5.1,8.7
New Orleans-Metairie,LA,Metro,310M400US35380,1018658,6.3,78.6,9.3,2.6,2.5,2.6,4.5,26.5,9.2,5.9,11.8,9.6,13.2,15.7,11.6,12.6,5.1,5.4,50301,23421,31.1,17.3,27079,56.9,44.3,9,12.6
New Philadelphia-Dover,OH,Micro,310M400US35420,73525,4.6,83,8.5,0.1,0.7,5.2,2.5,23.5,3.5,5.9,12.4,10.7,17.8,16.2,12.6,12.3,5.3,3.2,49658,16726,39.8,20.3,19746,67.1,38.5,7.8,9.3
New York-Newark-Jersey City,NY-NJ-PA,Metro,310M400US35620,16174055,5,50.3,6.3,30.9,5.5,2.4,4.7,37.6,6.4,4.1,7.7,6.8,9.1,13.9,11.5,16.5,9.6,14.3,78478,36773,29.8,16.6,31806,67.7,36.4,6.7,9.4
Niles-Benton Harbor,MI,Metro,310M400US35660,123766,4.7,81.3,11.1,0.7,2.6,1.2,3.1,21,6.6,5.7,12,10.1,14.5,18,11.9,11.9,4.8,4.6,51262,22467,36.5,19.6,19543,69,41.3,6.9,11.1
North Port-Sarasota-Bradenton,FL,Metro,310M400US35840,704555,4,79.1,9.1,0.5,0.9,1.9,8.5,24.9,4.8,4,8.4,10.1,13.6,19.2,12.4,15.1,5.2,7,60921,26805,51.9,29.2,32935,65.4,43.6,12.7,6.1
North Wilkesboro,NC,Micro,310M400US35900,56324,6.9,84.8,11.1,0,0,1.4,2.6,29.4,7.1,7.7,15.1,13.2,14.8,22,7.2,6.5,2.7,3.7,43466,20071,48.9,17.7,16254,59.8,43.5,10.3,13.9
Norwich-New London,CT,Metro,310M400US35980,221413,5.6,80.3,8.2,1.4,2.8,1.2,6.1,23.4,4.5,4.4,8.1,6.2,10.9,20,13,17.1,8.9,7,67197,21355,34.1,24,28379,71.5,38.5,4.7,6.5
Oak Harbor,WA,Micro,310M400US36020,71556,7.3,75.4,10.3,3.2,3.7,1.3,6.1,29.1,5.2,1.9,6.7,7.8,13.7,22,14,16,5.8,6.9,64793,22401,42.8,33.7,25134,74.9,44.6,5.2,3
Ocala,FL,Metro,310M400US36100,302081,9.5,80.7,9.3,0.4,0.3,1.7,7.6,27,7.8,4.6,13.8,12.8,16.2,18,10.2,11.4,2.4,2.9,44576,16775,52.7,29.3,25986,55.3,49.9,12.7,10.7
Ocean City,NJ,Metro,310M400US36140,79952,6.1,82.2,6.8,1.5,4.3,2.9,2.4,22.7,4.6,3.6,8.6,7.9,12.2,17.2,15.1,14.3,7.7,8.8,67007,30902,45.9,28.7,30734,76.5,39.7,4.8,7.1
Odessa,TX,Metro,310M400US36220,117708,4.4,82.4,12.6,0.5,0.7,1.1,2.8,26.1,4.3,3.3,8.2,9.8,11.3,19.9,14,15.3,6.9,7.2,64165,24235,20.8,10.3,20161,65.3,22.2,19.7,8.7
Ogden-Clearfield,UT,Metro,310M400US36260,491554,3,80.2,9.9,1.5,1.4,1.6,5.5,22.9,3.6,1.9,5.3,7,12.1,18.6,17.6,21.2,7.6,5.2,76653,13117,23.8,20.1,29697,82.7,20.4,6.8,5
Ogdensburg-Massena,NY,Micro,310M400US36300,89174,4.3,80.7,9.9,0.5,5.4,0.7,2.8,20.7,6.5,6.2,12.7,9.5,15.4,17.1,11.3,13.7,4.7,3,49681,16099,38.1,23.4,23228,71.4,42.3,3.9,10.2
Oklahoma City,OK,Metro,310M400US36420,1086472,3.6,82.9,8.8,0.6,2.1,1.3,4.2,22.9,6,4.2,9.2,9.9,14.1,19.3,13.2,13.5,5.3,5.2,57485,21286,28.3,18.2,25202,67.7,31.3,13.1,10.2
Olean,NY,Micro,310M400US36460,62371,5.9,80.4,9.5,0.2,4.3,1.7,3.8,20.1,5.5,5.9,12.9,12.4,15,18.3,13.7,11.4,2.5,2.3,48179,12599,36,24.1,19068,65.2,43.9,7,12.5
Olympia-Tumwater,WA,Metro,310M400US36500,232674,4.9,77.2,11.2,1.6,2.3,1.4,6.4,27.8,3.5,3,6.8,6.3,13.3,18.5,16,17.9,8.8,5.9,72703,15511,34.9,25.4,30672,75.2,37.4,4.9,4.6
Omaha-Council Bluffs,NE-IA,Metro,310M400US36540,728218,3.8,83.8,8.4,0.7,1.7,1.2,4.3,20.3,5,3.9,7.8,8.3,12.4,18.4,13.5,17.7,6.7,6.2,66241,22403,27.6,16.6,26132,74.8,27.4,8.6,6.3
Opelousas,LA,Micro,310M400US36660,63347,8.7,84.7,10,0.7,0.7,1.1,2.8,26.7,20.5,8.4,13.1,10,12.8,13.5,8.2,9.3,1.6,2.7,32867,19223,36.3,14.5,19219,51.4,48.1,10.4,29.4
Orangeburg,SC,Micro,310M400US36700,69585,7.2,83.4,8.3,0.2,1.7,1.1,5.2,27.4,14.7,8.4,11.7,13.2,17.8,17.3,8.3,5.8,0.7,2.1,36536,10498,39.5,23.3,14857,50.7,50.5,11,21.7
Orlando-Kissimmee-Sanford,FL,Metro,310M400US36740,2073840,4.8,80.3,10.4,1.3,1.1,1.9,5,29,5.9,3.5,9.4,10.4,13.6,18.7,12.8,14.7,4.9,6.1,58610,21998,30.3,16.3,25002,65.1,32.2,12.2,9.8
Oshkosh-Neenah,WI,Metro,310M400US36780,140227,3.8,86.4,6.9,0.5,1.8,1.8,2.5,18.5,5.5,3.2,10.7,10.5,13.7,20.6,14.3,14.2,3.7,3.6,56589,18568,30.7,17.2,22505,76.9,31.7,4.6,5.6
Ottawa-Peru,IL,Micro,310M400US36860,120775,4.5,86.3,7.1,0,1.1,1.8,3.8,24.2,5.4,5,11.8,10.5,14.7,19.1,11.9,13,5,3.7,52572,19445,37.4,24.3,23932,70.2,40.6,4.7,12.5
Owensboro,KY,Metro,310M400US36980,93121,4,88.1,7.4,0.1,1.3,0.5,2.8,19.7,6.6,4.4,11,11.4,14.3,20.8,11.2,14.1,3.7,2.5,51459,15813,36.7,20.3,21396,66.1,42.7,4.9,12.5
Owosso,MI,Micro,310M400US37020,55620,4.1,85.7,8.8,0.4,0.9,0.8,3.5,26.9,4.2,3.8,8.3,11.6,18.5,21.9,13.1,11.8,4.2,2.7,54456,15771,38.3,25.1,20559,73.7,40.8,4.8,6.6
Oxnard-Thousand Oaks-Ventura,CA,Metro,310M400US37100,679810,4.4,79.3,10.7,1.1,1.8,1.1,6,27,3.6,2.8,6,6.2,10.8,14.1,14.4,19,10.6,12.4,84566,25871,32.9,19.5,35601,66.7,35.2,8.4,6.1
Paducah,KY-IL,Micro,310M400US37140,78681,3.4,86.8,8.6,0.7,1,1.5,1.4,18.7,5.8,7,15.2,10.3,14.4,18.9,11.8,9.2,3.2,4.2,47346,26784,40.8,24.9,32193,58.4,52,5.8,11.8
Palatka,FL,Micro,310M400US37260,60519,10.5,78,12.8,0,0.3,2.1,6.8,33.7,6.9,9.4,14.4,13.6,15.4,17.8,9.8,8.7,2.5,1.4,41608,13501,50.2,26.6,22127,47.2,50.1,18.8,10.6
Palm Bay-Melbourne-Titusville,FL,Metro,310M400US37340,500565,4.9,81,8.8,0.7,1,2.2,6.3,25.4,5.3,4.9,9.4,9.8,13.5,18.5,13.4,15.4,5.5,4.3,57888,17716,45.3,26.6,30758,68.1,39,10.1,7.4
Panama City,FL,Metro,310M400US37460,164814,5.3,80.9,9.9,0.6,2.7,2.2,3.7,23.7,5.2,5.6,9.9,7.4,19.6,20.2,12.8,13.1,3.4,2.6,51842,16829,35.1,24.5,28381,64.6,39.3,12.3,8.7
Parkersburg-Vienna,WV,Metro,310M400US37620,75158,3.9,84,9.2,1,1.7,0.9,3.2,23.5,7.2,6.2,15.9,11.9,14.3,15.7,11.8,10.5,4.2,2.3,44054,15757,40.1,24.9,20208,64.6,46.1,6.7,11.2
Pensacola-Ferry Pass-Brent,FL,Metro,310M400US37860,401176,5.7,78,9.6,0.6,2.4,2,7.5,26.1,5.8,3.7,8.7,9.1,16.4,19.3,13.5,13.9,4,5.5,57998,19338,34.8,28,24381,69,35.9,10,7.8
Peoria,IL,Metro,310M400US37900,292926,4.8,85.9,7.2,0.7,2,0.6,3.6,19.8,7.1,4,9.8,8.4,13.2,21,12.6,14,5.3,4.5,58603,17620,33.8,24,26858,73.3,36.8,5.4,8.7
Philadelphia-Camden-Wilmington,PA-NJ-DE-MD,Metro,310M400US37980,4925297,5.7,72.3,7.2,9.8,3.4,1.8,5.5,30.5,6.6,3.7,7.8,7.8,10.2,16.4,12.4,16.3,8.7,10.2,70747,28330,31.9,19.1,27029,72.5,35.3,5.3,8.3
Phoenix-Mesa-Scottsdale,AZ,Metro,310M400US38060,3834872,4.8,75.8,11.2,1.8,1.3,2.6,7.4,26.7,5,3,8.3,8.8,12.8,19,13.9,15.8,6.5,7.1,64427,23008,31.2,18.9,27522,64.9,35.3,10.7,8.7
Pine Bluff,AR,Metro,310M400US38220,73892,7.2,88.4,6.3,0.3,0.9,2.6,1.5,22.3,10.3,7.2,18,12,11.5,15.8,12.1,8.7,2.4,1.9,37314,17129,40.5,18.6,22848,58.1,48.8,6.9,17.8
Pinehurst-Southern Pines,NC,Micro,310M400US38240,81077,3.8,78.4,10.6,0,1.5,0.2,9.2,23.4,7.1,4.3,8.8,8,13.2,20.6,13.4,11.4,5.8,7.4,58531,22189,38.3,27.2,29642,71.2,41.3,9.6,7.2
Pittsburgh,PA,Metro,310M400US38300,1936873,4.3,76.6,8.3,5.6,3.4,1,5.1,26.8,6.4,4.6,9.6,9.8,12.2,17.3,12.6,15.5,6,6,59710,22016,36.6,21.8,22371,77,36.2,3.5,6.6
Pittsfield,MA,Metro,310M400US38340,108235,4.3,78.9,7,0.5,6.9,1.5,5.2,20.9,6.4,5.8,10.7,7.8,13.1,16.2,13.2,16.2,5.4,5.1,60476,16909,40.6,22.6,30566,71.1,45.4,2.4,6.1
Plattsburgh,NY,Micro,310M400US38460,67958,3.8,82.5,9,0.2,3.3,2.2,2.8,20,6.3,4.5,8.4,7.5,15,20.7,14,15.5,4.8,3.4,56704,14104,38.9,29.5,27894,70.9,42.2,3.2,8.4
Pocatello,ID,Metro,310M400US38540,67606,5.7,81.2,8,1.7,2.8,1.2,5.1,16,6.6,6.2,9,10.4,17.2,18,13.7,13.1,3.6,2.2,50748,12942,33.5,18.6,23272,72,31.5,11.1,7.7
Ponce,PR,Metro,310M400US38660,238834,15.3,87.1,7.1,0,1.7,2.4,1.7,24.9,29.7,14,20.5,12.7,11.4,6.5,3.1,1.3,0.4,0.3,17607,8737,43.2,15.3,20759,32,68.6,5,46.1
Port Angeles,WA,Micro,310M400US38820,65156,5.2,79.8,8.3,0.9,4.2,0.8,6,22.4,5.7,6,11,9.2,12,20.5,13.8,12.5,5.2,4.2,59001,12616,47.4,32.2,25706,61.5,49.5,9.2,7.6
Port St. Lucie,FL,Metro,310M400US38940,403409,4.9,80.7,8.7,0.4,1.1,1.8,7.3,26.6,5.6,5,9.8,9.9,14.6,18.7,12.2,13.4,4.7,6.1,55714,23681,47,26.8,29137,59.9,42.9,13,7.4
Portland-South Portland,ME,Metro,310M400US38860,447188,2.2,77.5,8.2,1,4.6,1.7,7,24.5,4.3,4.2,7.3,7.8,11.9,17.5,14.9,17.8,7.6,6.6,69980,18401,33.8,19.8,27180,77.5,30.4,5.8,4.3
Portland-Vancouver-Hillsboro,OR-WA,Metro,310M400US38900,2007800,4.1,70.4,8.8,6.1,3.4,3.1,8.1,26.9,4.4,2.9,6.6,7.5,11.2,17,13.7,18.9,8.6,9.3,75599,23543,27.8,17.4,28816,73.3,32.4,6.3,5.9
Portsmouth,OH,Micro,310M400US39020,61321,8.7,83.1,10.8,0,2,1.3,2.7,26.6,13.6,9.1,13.4,12.2,11.1,15.2,11.2,9.5,2.4,2.4,37257,15762,38,23.5,22697,54,53.7,7.7,17.2
Pottsville,PA,Micro,310M400US39060,117900,6.1,80.3,10,0.5,3.4,1.2,4.5,25.9,7.2,6.5,13.1,10.8,13.6,18.6,12.4,11.3,3.8,2.6,48458,15375,41.9,20.4,17935,72.5,40.8,5.1,8.5
Prescott,AZ,Metro,310M400US39140,198754,7.3,75.8,9.3,0,4.4,1.9,8.5,24.5,5.2,6.2,12.8,11.7,15.8,19.8,11.3,10.6,3.8,2.8,48148,17225,54.2,31.4,27213,60.6,51.1,11.2,8.2
Providence-Warwick,RI-MA,Metro,310M400US39300,1343034,5.3,81.3,8.5,2.4,3,1.1,3.8,26,6.3,5,8.7,8.1,10.6,17.4,12.3,16.9,7.6,7,65083,22089,33.8,19.1,26230,69.4,40.5,3.7,8.6
Provo-Orem,UT,Metro,310M400US39340,443358,3.2,73.8,11.3,2,4.1,1.9,6.8,22.4,2.8,2.4,5.8,7.5,11.8,19.4,16.4,20.4,7.2,6.4,75344,19926,20.2,14.5,27283,82.2,17.7,8.1,6.1
Pueblo,CO,Metro,310M400US39380,134639,6.6,85.4,9.6,0.7,1.3,0.6,2.3,22.6,9.6,6.5,11.3,10.6,13.5,19.2,13.4,10.3,3.6,2,48468,12297,35.7,22.6,21591,55.2,53.8,7,14
Punta Gorda,FL,Metro,310M400US39460,165477,4.7,78.9,6.4,0.6,1.1,1.4,11.6,24.5,5.2,4.2,12.6,8,16.4,22.9,12.3,9.9,3.7,4.7,52927,16659,63,35.4,31444,61.5,58.2,9,6.8
Quincy,IL-MO,Micro,310M400US39500,60448,2.7,82.9,9.1,0.7,2.8,1,3.4,17.4,7.2,3.7,9.6,10.8,12.9,21.8,15.1,12.6,2.5,3.9,54948,18334,33.8,17.4,25581,73.3,39.6,3.9,6.8
Racine,WI,Metro,310M400US39540,157399,3.9,84.9,6.1,1.6,1.1,2.1,4.3,24,7.1,4.2,9,10.7,11.1,18,13.3,17.2,5.9,3.6,59759,15562,34,20.9,21606,68.8,39,4.9,8.5
Raleigh,NC,Metro,310M400US39580,1071251,3.4,79,8.9,0.9,1.3,0.9,9.1,26.9,3.5,2.8,6.3,7.6,11.8,17.9,13.4,17.9,8.2,10.6,75165,25573,24.2,16.6,27276,76.1,24.9,9.1,5.5
Rapid City,SD,Metro,310M400US39660,117383,3,79.7,11,0.5,2,1.4,5.5,19.2,4.4,4,8.5,12.3,13.9,19.1,15.1,13.6,4.8,4.4,59833,17230,34.7,22.3,28130,69,32.2,12.8,8
Reading,PA,Metro,310M400US39740,337231,5.1,79.2,9.6,2,3,2,4.3,25.3,5,3.9,8.3,10.2,11.4,19.5,13.8,16.9,6.8,4.4,62564,19778,35.9,21.9,22654,72.4,36.2,5.7,8.1
Redding,CA,Metro,310M400US39820,145037,8.3,80.4,10.1,0.8,2.5,1.5,4.6,22.3,7.3,6.1,8.5,9.1,14,18.2,11.6,15.8,5.3,4.2,56280,15662,43.5,23.5,29413,61.3,49,6.2,9.5
Reno,NV,Metro,310M400US39900,380451,4,77.2,12.3,1.7,2.6,1.8,4.4,22.3,4.6,3,7.9,8.6,13.2,21,12.4,16.4,6.7,6.2,63466,23661,30.6,19.9,35320,71.4,31.3,9.9,6.8
Richmond,VA,Metro,310M400US40060,1054268,4,81.2,8.7,1.7,1.4,1.9,5.2,25,5.2,3.8,7.5,8.2,12.4,18,13.2,17.5,6.7,7.4,67703,21906,32.2,22.2,28998,74.4,29.6,8.6,7.3
Richmond,IN,Micro,310M400US39980,52822,4.9,81.5,8,0.2,4.4,3.9,2,20.7,6.1,6,10.7,14.7,17.9,21,10.4,9.5,2,1.7,44928,12899,36.7,19.6,26394,57.2,45.6,11.2,12.5
Richmond-Berea,KY,Micro,310M400US40080,88940,4.3,79.2,12,0.1,3.2,0.5,5,23.2,9.1,5.9,10.6,11.2,12.8,17.5,12.6,13.7,3,3.6,50333,16932,34.1,21.1,24704,66.2,40.3,4.6,13.5
Riverside-San Bernardino-Ontario,CA,Metro,310M400US40140,3570421,6.6,79.8,10.9,1.2,1.5,1.5,5,32.7,5.5,4.1,8.9,8.4,11.5,17.7,13.3,16.4,7.4,6.7,65671,20512,29.9,16.7,31891,58,41.7,8.4,10.5
Roanoke,VA,Metro,310M400US40220,257572,4.5,81.6,6.2,1.7,2,1.3,7.3,23.7,5.8,5.6,11.1,9.9,14,16,12.9,14.8,5.8,4.3,55151,21073,38.6,20.9,25246,70.6,37.3,7.6,9.5
Roanoke Rapids,NC,Micro,310M400US40260,58560,7,79.4,13.2,0.3,3.3,1.8,1.9,22.6,11,8.3,13.2,13.1,20.6,14.6,9.3,5.4,2.7,1.8,37027,12822,47.1,17.8,23776,56.8,42.7,13.2,14.6
Rochester,NY,Metro,310M400US40380,875977,4.6,80.9,7.9,2.2,3,1.2,4.8,21.6,6.2,5.2,9.5,9,12.3,17.8,13.1,15.7,6.1,5,60190,18454,34.9,22.3,25287,72.5,39.1,3.5,8.5
Rochester,MN,Metro,310M400US40340,172704,2.3,73.7,11.8,4.6,3.3,1.1,5.5,20.4,3.6,3.7,6.7,7.5,13.4,16.5,15.3,18.4,7.3,7.6,72129,22823,28.6,17.1,26895,81.1,29.8,3.7,3.3
Rockford,IL,Metro,310M400US40420,267367,6.4,81.4,10.8,0.9,1,1.4,4.5,23.7,6,4.8,11.3,11.2,11.3,18.8,12.7,14.4,5.2,4.2,55829,17746,34,19.4,24982,65.8,40.8,7,11.6
Rocky Mount,NC,Metro,310M400US40580,117486,6.6,82.5,8.6,1.1,1.8,1.6,4.3,23,7.1,6.6,10.9,10.9,16.4,18.3,12,11.7,2.3,3.7,46733,19089,40,20,21874,62.4,45,9.7,13.1
Rome,GA,Metro,310M400US40660,78167,2.9,83.5,8,0.3,3.4,1.8,3,23.8,9.3,6.8,9.9,22,9.9,17.3,7.8,9.7,4.1,3.3,38462,23411,39.4,19.5,23250,60.6,38.4,14,17.6
Roseburg,OR,Micro,310M400US40700,92283,6.6,76.5,11.4,0.1,3.3,1.1,7.6,19.4,4.5,5.4,13.2,12.5,17.1,21.2,9.9,11.3,3.1,1.8,47004,12493,48.5,24.9,23416,61.3,52.2,6.6,8.9
Roswell,NM,Micro,310M400US40740,50308,4,83,11.4,1,0.9,1.6,2.1,17.2,5.2,9.6,14.1,10.5,14.8,19.5,12.2,9.3,2.4,2.5,43941,13395,39.1,20.5,24937,44.9,56.6,9.3,15.3
Russellville,AR,Micro,310M400US40780,68612,4.1,85.1,9.8,0.3,0.5,0.9,3.4,20.9,8.7,4.4,13.9,11.6,18.5,21.6,7.1,9.5,3.2,1.5,43886,12786,36.5,25.2,17334,57.9,46,8.3,9.7
Sacramento--Roseville--Arden-Arcade,CA,Metro,310M400US40900,1868638,5.2,76.6,9.2,2.2,1.7,2.5,7.9,28,5.3,3.9,7.6,7.5,10.5,16.1,13.4,17.5,8.9,9.2,73142,22399,29.7,21,37978,69.4,38.7,4.9,8.9
Saginaw,MI,Metro,310M400US40980,154763,5.5,82,11.3,0.3,2.7,1.4,2.2,21.7,8.5,4.7,11.2,11.4,15.4,18.3,11.9,11.6,3.4,3.5,48990,19792,40.3,25.7,23211,67.4,47.8,4.1,11.7
Salem,OH,Micro,310M400US41400,84414,4.7,86,8.2,0.7,1.7,1.3,2.1,25.1,7.6,5.6,14.4,12.4,16.2,15.7,11.8,11.5,3.5,1.3,43745,15560,35.8,23.3,22660,60.8,44.4,7.2,11.3
Salem,OR,Metro,310M400US41420,338174,5.3,76.8,10.9,1.5,2.7,2.6,5.6,24.3,5,4.7,9.4,9.9,14.8,18.2,14.2,14.8,5.4,3.4,57091,17119,33.9,20.7,26384,63.6,42.1,7.7,11.3
Salinas,CA,Metro,310M400US41500,333147,4.4,70.8,9.6,1.3,2.8,10.6,4.8,23.9,3.5,3,7.3,8.5,11.4,19,13.5,16.3,8.1,9.5,70681,29677,31.6,18.4,36744,56.7,42.3,10.5,10.5
Salisbury,MD-DE,Metro,310M400US41540,342422,5.3,82.4,8.3,0.7,1.5,1,6.1,26.2,5.4,4.6,9.9,10,12.5,19.9,13.5,14,5.1,5.1,59214,17523,44.9,29.1,29722,63.5,49.4,6.7,7.7
Salt Lake City,UT,Metro,310M400US41620,922505,3.3,74.5,12,3.2,2.2,1.5,6.7,22.9,3.8,2.5,5.8,7.2,11.9,19.4,14.4,19.4,7.6,7.8,73730,23471,23.4,15.5,27581,75.6,20.9,11.2,5.6
San Angelo,TX,Metro,310M400US41660,93439,4.8,80.6,8.8,0,5.7,2.2,2.7,17.3,6.2,3.9,13,7.6,17.6,18.2,13.3,13,3.9,3.4,51851,18527,28,16.4,28048,69.5,32.2,12,11.4
San Antonio-New Braunfels,TX,Metro,310M400US41700,1955315,5.3,79.2,11.2,1.8,1.8,1.4,4.6,26.6,7.6,4.5,9,9.2,13.5,18.2,12.9,14.2,5.3,5.5,57379,21464,27.5,18.6,30669,63.7,31.5,15.5,11.5
San Diego-Carlsbad,CA,Metro,310M400US41740,2695957,5.4,76.5,8.8,2.6,3.1,2.4,6.6,26.6,4.3,3.4,6.5,7,10.5,16,12.6,18.2,10.1,11.3,79079,27158,26.8,18.3,33980,67.1,35,8.4,7.5
San Francisco-Oakland-Hayward,CA,Metro,310M400US41860,3901974,4,57.2,9.6,17.3,4.7,4.3,7,34.7,4,3.2,5.1,4.7,7.1,11.8,10.6,17.3,12.1,24.2,107898,42932,26.4,16.3,37570,76.4,30,3.9,5
San Germn,PR,Metro,310M400US41900,100287,16.5,85.7,5,0.6,2.9,0.1,5.8,24.5,31.6,12.3,22.1,11.4,8.9,8.2,3,1.3,1.1,0.2,16737,8791,51.6,20.3,12541,39,67.1,4.3,44.8
San Jose-Sunnyvale-Santa Clara,CA,Metro,310M400US41940,1607885,4,75.3,10.3,4,2.2,3.3,5,29.8,3.1,2.3,4.4,4.1,6.5,10.8,9.7,17.1,13,28.9,124696,44367,23.3,13.6,36593,76.9,27.1,4.2,4.1
San Juan-Carolina-Caguas,PR,Metro,310M400US41980,1702657,15.1,82.4,8.8,2.4,2.3,1.9,2.2,32.3,24.5,11.2,18.1,12.2,13.1,10.9,4.4,3.4,0.9,1.3,22757,12827,44.4,17.5,20093,43.3,57.5,7.2,36
San Luis Obispo-Paso Robles-Arroyo Grande,CA,Metro,310M400US42020,240351,4.8,71.4,12.8,0.7,5,2.9,7.2,22.3,6.4,3,6.7,6.6,11,18.3,12,17.5,9.3,9.2,71148,25372,36.1,22.8,41208,72.2,36.5,6.5,7.2
Sandusky,OH,Micro,310M400US41780,61565,3.6,88.8,6.3,1.4,1,1.5,0.9,19.8,7.7,2.1,10.7,13.1,16.6,18.3,14.5,10.7,3.3,3,49751,19075,36.5,27.9,30471,76.9,38.4,4.3,6.9
Santa Cruz-Watsonville,CA,Metro,310M400US42100,227759,6.6,69,9.6,2.5,5.9,5.3,7.7,27.4,5.3,3,7.2,6,9.4,13.6,11.3,16.9,10.7,16.6,86941,32667,33.4,19.7,36084,69.7,37.5,5.5,7.1
Santa Fe,NM,Metro,310M400US42140,126083,4.2,76.9,9.4,0.7,1.9,1.3,9.8,23.6,5.7,3.9,7.5,10.4,15.2,17.9,12.6,14.1,5.8,7,60193,26890,38.9,25.1,34396,58.1,48.8,11.4,7.4
Santa Maria-Santa Barbara,CA,Metro,310M400US42200,358433,5.9,67.7,14.9,2.4,3.6,3.8,7.6,22.1,4.9,3.1,6.3,7.8,10,16.3,13.4,17.1,9.4,11.6,77472,33183,31,18.5,37278,62.6,38.2,10.9,7
Santa Rosa,CA,Metro,310M400US42220,413471,4.5,77.1,9.7,2.1,2.2,1.7,7.2,25.4,4,2.7,6.7,6.7,10.4,15.6,13.4,18.8,10.6,11,81395,26883,36,23.3,34134,70.3,37,6.7,5.5
Savannah,GA,Metro,310M400US42340,310093,6.2,80.3,10.5,1.2,2.3,1.7,4,24.5,7,3.2,10.3,10.3,12.2,17.7,14,14.2,5.1,5.9,58178,24898,29.7,18.4,34613,68.3,30.1,13.4,7.7
Scranton--Wilkes-Barre--Hazleton,PA,Metro,310M400US42540,458257,4.3,80.2,9.7,1,2.8,1.8,4.5,22.5,6.8,6,11.1,9.2,13.3,20.1,12.8,13.6,4,3.1,54115,14166,40.1,22,22561,69.6,43.1,4.5,10.4
Searcy,AR,Micro,310M400US42620,63038,5.4,81.3,6.6,0.5,2.3,2.8,6.5,24.5,9,5.8,16.6,10,14.8,18,10.2,7.4,2.9,5.2,42270,20463,35.9,21.5,16747,61.9,42.2,9,13.3
Seattle-Tacoma-Bellevue,WA,Metro,310M400US42660,3182183,3.8,66.1,10,10.7,4.1,2.4,6.7,31.6,4,2.4,5.2,5.8,9.6,15.6,12.9,19.9,10.8,13.8,87910,29201,24.4,16.7,29332,75.7,29.7,5.6,5.4
Sebastian-Vero Beach,FL,Metro,310M400US42680,133911,6.9,81.1,6.7,0.1,1.8,2.2,8.2,22.1,4.7,5.6,12.6,9.4,12.2,16.9,13,14.6,4.4,6.5,57508,31934,57.2,30.6,39494,61.4,48.5,11.8,4.2
Sebring,FL,Metro,310M400US42700,89467,10.9,70.6,12.3,1.4,4.7,2.8,8.1,20.8,6.1,7,14,18.1,13.1,19.6,7.9,6.9,3,4.2,39796,22285,56.9,33.5,28087,52.2,56.2,11.7,13.2
Seneca,SC,Micro,310M400US42860,64322,5.9,80.4,15.1,0.9,0.7,0.4,2.5,22.7,8.8,5.2,14.1,12.7,11.6,18.1,10,12.3,2.8,4.3,47132,17109,48.5,30,22144,61.6,44.3,12.4,11.4
Sevierville,TN,Micro,310M400US42940,80254,5.9,78.6,12,0.4,1.9,1.6,5.5,26.5,5.3,4.7,11.8,13.6,15.8,21.8,9,13.2,2.6,2.1,47411,12952,41.8,20.5,23384,50.5,48.8,16,10.6
Shawnee,OK,Micro,310M400US43060,57492,4.1,86.5,8.6,0.1,0.7,0.4,3.7,25.7,8.3,7.5,9.5,11.9,14.3,20,12.7,11,2.9,2,48776,12070,37.1,20.7,22723,64.4,38.6,12,14.5
Sheboygan,WI,Metro,310M400US43100,93193,3.1,87.6,5.9,0.3,1.7,0.8,3.7,17.5,3.3,4.6,9.1,8.9,13.9,21.3,14.1,16.9,4.3,3.6,60896,14032,34.2,20.7,20012,78.9,31.2,4.4,4.2
Shelby,NC,Micro,310M400US43140,79201,6.3,87.2,8.3,0,1.4,1.5,1.6,24.3,11,7.4,11.8,10.7,16.3,16.1,12.9,10.5,1.8,1.5,40690,14026,40.6,18.3,19341,59.2,42.7,12.5,16.2
Shelton,WA,Micro,310M400US43220,54199,4.6,70.4,18.1,1.1,2.3,1,7,32.7,5.6,2.2,13.7,9.9,11.2,20.7,17.2,11.9,4.8,2.8,58094,10359,45.7,35.5,29132,61.3,53.1,5.7,8.7
Sherman-Denison,TX,Metro,310M400US43300,106706,5.2,81.5,11.5,0,2,1.2,3.8,26.8,7.2,5.8,7.3,11.7,15.6,19,13.8,10.5,6.3,2.9,51158,17403,37.3,21.3,23422,58.9,35,19.7,8
Show Low,AZ,Micro,310M400US43320,83803,14.4,68.8,12.2,1.4,4.4,4.5,8.7,22.6,13.7,6,13,10.6,16,17.8,10.7,8.8,2.5,0.9,40463,13328,44.4,25.9,23791,40.9,60.9,11.6,23.4
Shreveport-Bossier City,LA,Metro,310M400US43340,342831,6.1,85.9,7.7,1,1.6,1.3,2.6,22.6,7.7,7.5,15,12.6,12.8,17,9.3,11.2,3.7,3.2,41969,19194,32.8,20.3,23398,61.9,45.9,6.3,14.5
Sierra Vista-Douglas,AZ,Metro,310M400US43420,102489,6.1,78.6,7.9,0.2,4.4,4.8,4.2,18.8,7.7,4.9,14.3,8.4,13.9,19.7,12.1,13,3.6,2.4,50495,14054,47.9,29.7,25791,61.3,53,8.4,9.9
Sioux City,IA-NE-SD,Metro,310M400US43580,129527,4,81.9,9.8,0.3,1.4,0.5,6.2,19.2,4.7,4,9.5,11.1,10.8,18.1,16.6,13.8,7,4.2,61576,17820,30.1,15.7,20074,68.6,36.7,6.9,8.7
Sioux Falls,SD,Metro,310M400US43620,203804,2.8,84.6,8.3,0.2,2,0.8,4.2,18.2,4,3.8,7.4,11.1,13.4,19.6,16,16.2,4.7,3.9,61196,16820,24.8,12.5,23309,78,25.2,7.2,5.6
Somerset,PA,Micro,310M400US43740,62793,5,80.2,9.2,0.2,2.1,1.1,7.2,25.5,5.1,3.9,11.7,13.7,13.8,20.5,15.1,10.9,2.6,2.7,50988,16593,42.9,26.2,26282,67.8,43.1,8.5,7.5
South Bend-Mishawaka,IN-MI,Metro,310M400US43780,255702,3.5,82.6,8.6,0.7,3.3,1.3,3.6,21.5,6.8,4.5,9.5,11.2,14.5,18.6,13.9,13,4.6,3.4,54715,17879,31.5,17,17637,69.5,34.7,7.9,8.6
Spartanburg,SC,Metro,310M400US43900,271060,6.4,84.7,9.6,0.2,1.1,0.6,3.7,23.6,6.6,4.7,11,9.8,15.8,18.5,16.1,9.9,4.1,3.4,51853,16619,36.2,18,21954,64.9,37.2,10.3,10.2
Spokane-Spokane Valley,WA,Metro,310M400US44060,461098,4.7,76.7,9,3.1,3.1,1.5,6.6,22.1,6.2,4.6,9.8,9.2,14,19.7,13.8,13.4,4.7,4.6,58546,17302,35.3,20.6,24523,63,44.8,5.6,8
Springfield,MA,Metro,310M400US44140,522928,5,78.9,8.3,2.2,4.1,1.4,5.1,22.6,7.8,5.1,10.4,10,11.1,15.6,12.2,14.9,7.2,5.8,57857,21696,34.4,17.6,27958,66.6,45.4,2.9,10.8
Springfield,IL,Metro,310M400US44100,167733,5.3,86.2,6.6,1,1.4,1.4,3.4,19.3,7.2,3.8,9.3,8.5,11.6,16,15.9,16.9,5.5,5.4,63521,16709,32.8,24.8,36540,73.3,39.6,3.5,9.5
Springfield,OH,Metro,310M400US44220,108194,7.4,80.8,11.9,0.9,2,0.9,3.7,23.8,6.3,4.7,9.5,12.2,17.4,20.4,13.1,11.6,2.6,2,49875,12142,38.5,27,24300,64.9,44.9,7,10.3
Springfield,MO,Metro,310M400US44180,373926,3.8,84.3,8.7,0.3,1.3,1.6,3.8,22.2,7.2,7.1,11.5,12,14.9,19.1,11.4,10.3,3.2,3.2,46905,17235,31.5,16,21492,67.4,33.1,10.8,8.4
St. Cloud,MN,Metro,310M400US41060,157181,5.2,80.6,7.3,2,4.4,1,4.8,22.6,4,5.6,8.7,9.5,13.4,17.6,14.6,16.4,6.2,4.1,60759,16889,28.8,15.4,22223,75.3,36.2,3.5,7.6
St. George,UT,Metro,310M400US41100,132037,2.5,76,7.7,0.6,0.8,1.6,13.4,17.2,4.8,2.7,9.2,11.3,15.3,20.3,11.7,16.9,3.5,4.1,56333,19412,42.3,27.2,35094,72.3,34,12.5,6.2
St. Joseph,MO-KS,Metro,310M400US41140,102650,4,85.6,8.7,0.5,2.1,0.7,2.3,19,4.5,7.2,10.3,11.1,13.2,20.7,14.5,11,4.9,2.5,53321,12342,37.9,22,19910,68.9,33.5,11.3,8.7
St. Louis,MO-IL,Metro,310M400US41180,2254571,4.3,83.6,6.9,2.1,1.8,1,4.6,26.2,6.1,3.8,8.3,8.8,12.9,18,13.4,15.2,6.5,7.2,62790,23296,31.8,21.7,25512,74.2,30.8,6.6,7.8
State College,PA,Metro,310M400US44300,140974,3.3,72.7,9.1,5.2,7.4,2.4,3.3,20.7,11.5,3.5,8.6,7.7,14.5,15.9,11.1,15.9,6.4,4.9,57333,18022,27.1,20.2,30919,85.3,23,5.5,4.1
Statesboro,GA,Micro,310M400US44340,63454,9.9,80.5,8.9,0.4,2.2,3.4,4.5,24,7.5,7.8,14.7,9.7,16.9,16.7,11.9,9.9,1.7,3.2,44179,14526,28.5,15.5,24947,67.2,31.3,9.9,15.1
Staunton-Waynesboro,VA,Metro,310M400US44420,100719,3.3,85,7.6,1.1,1.4,0.5,4.4,24.9,6.4,5.3,10.2,8.7,17.1,18.4,13.4,13.5,4.2,2.9,52625,15958,41.5,25.1,20051,69.5,37.2,9,7
Stevens Point,WI,Micro,310M400US44620,58599,3.4,80.8,8.6,0.6,2.7,1.6,5.8,18.9,5.8,6,9.2,7.3,14.9,20,13.7,15.3,5,3,57452,15026,34.2,22,24133,80,28.5,5.9,5.7
Stillwater,OK,Micro,310M400US44660,67411,6.4,77.2,11.4,0.4,6.7,1.6,2.8,19.9,12.4,2.7,12.5,12.3,11.6,19.2,10.1,11.2,3.2,4.8,48031,19180,29.7,17.8,23571,78.4,23.8,10.1,11.7
Stockton-Lodi,CA,Metro,310M400US44700,571146,6,80,12.7,1.6,1.2,0.9,3.6,37.2,4.7,4.3,9.7,8.2,12,18,13.2,15.9,7.7,6.3,64119,20578,28.6,17.4,30801,59.2,44,6.5,11.7
Sumter,SC,Metro,310M400US44940,84264,7,84.3,9.9,0.1,2.3,1.4,2,21.5,5.9,5.8,13.8,12.1,17,21.6,8.1,9.1,4.2,2.4,45994,13768,34.4,26.7,18889,62.9,44.1,10.8,14.4
Sunbury,PA,Micro,310M400US44980,75526,4.9,85.8,7.9,0.5,1.7,0.8,3.3,23.5,8.1,5.9,14.2,12.1,11.6,16.9,11.3,14.9,2.9,2,47160,16048,41.7,22.4,16107,70.4,40.4,5.2,8.2
Syracuse,NY,Metro,310M400US45060,532143,5.7,80.4,8.1,2.1,3.8,0.9,4.6,20.8,6.6,4.7,9.6,9,12.7,17.5,12.8,16.2,5.6,5.2,58715,20435,34.9,22.2,23548,73.6,38.6,3.7,9.7
Talladega-Sylacauga,AL,Micro,310M400US45180,76654,7.9,88.2,4.1,0.6,2.7,2.2,2.1,24.9,11.3,6.9,13.4,9.8,14.3,17,11.4,10.5,2.7,2.7,42026,20121,40,23.1,22219,59.9,46,9.6,15.5
Tallahassee,FL,Metro,310M400US45220,321896,6,81.8,7.9,2,1.9,1.5,4.9,23.2,8.9,4.8,10.9,10.8,13.8,16.1,12.9,11.3,5.3,5.1,50682,22875,29.4,20.3,29571,72.5,30.3,9.1,12.3
Tampa-St. Petersburg-Clearwater,FL,Metro,310M400US45300,2590482,5.3,78.9,9,1.3,1.4,2.1,7.3,27.6,6.1,5.1,10.3,10.4,13.7,17.9,12.2,13.3,5.3,5.6,54912,22347,37,20.6,25700,62.8,36.8,12.2,9.6
Terre Haute,IN,Metro,310M400US45460,136985,6.1,82.3,10.1,0.1,4.1,1.1,2.3,22.1,7.8,4.8,10.9,11.5,14.7,20.5,12.8,11.5,3.7,2,50256,13571,31.2,19.4,17949,68.1,38.5,7.7,11.5
Texarkana,TX-AR,Metro,310M400US45500,118421,5.8,86.7,8.2,1.5,0.6,1.3,1.8,19.5,12.5,5.4,13.1,9.1,14.1,17,8.8,13,4.2,2.8,45212,20084,36.2,21.8,24471,61,40.9,9.8,17.7
The Villages,FL,Metro,310M400US45540,120634,2.8,73.1,8.6,0.1,0.6,5.9,11.7,26,3.8,5.3,9.7,10.4,14.5,22.1,16.1,11.8,5,1.3,53895,13314,77.7,45.6,32261,67.5,68.8,5.9,5.5
Toledo,OH,Metro,310M400US45780,482530,6,84.2,8.6,1.4,1.9,1.4,2.5,21.1,9.1,5.5,10.4,11.2,12.2,18.4,11.6,13.3,4.1,4.2,51321,18645,30.3,19.8,27716,67.5,38.9,7.2,11.2
Topeka,KS,Metro,310M400US45820,184137,4.2,80.5,12.2,0.8,1.5,0.8,4.1,21.2,6.7,4.5,10.1,9.3,16,17.9,14.4,12.5,5,3.7,54618,19669,35.9,23.5,33575,75.1,34.3,7.9,9.2
Torrington,CT,Micro,310M400US45860,152876,4.1,83.9,6.5,1.1,2.2,0.9,5.4,29.9,3.4,2.9,7.6,9.7,9.2,16.8,13,20.8,8.3,8.4,76043,26683,36.5,23.3,26308,73.2,38,4.5,3.6
Traverse City,MI,Micro,310M400US45900,124254,4,80.6,8.8,0.9,2.1,2.1,5.4,21.6,3.2,4.3,9.7,8,15.3,19.5,13.7,16.7,4.1,5.6,62207,18310,40.7,27.2,23661,72.6,39.3,7,7
Trenton,NJ,Metro,310M400US45940,300103,5.6,68.2,13.7,6.7,4.8,1.8,4.9,26.6,6.4,3.5,7,6.5,8.6,14.7,12.4,17.9,9.2,13.8,80632,34081,32.5,18.7,31418,72.5,31.6,8,6.9
Truckee-Grass Valley,CA,Micro,310M400US46020,84536,3.4,66.5,6.7,0.1,4.3,2.3,20.2,24.7,4.6,5.2,8.6,8.5,12.6,14.3,13.4,17.8,7.2,7.8,66299,20536,43.9,25.9,39683,68.3,47.6,5.2,5.1
Tucson,AZ,Metro,310M400US46060,847376,5.7,76.8,10,2.1,2.1,3.4,5.5,25.3,7.2,4.2,10.7,9.5,15.2,19.1,11.7,12.4,5.2,4.7,53464,19959,37.2,24.5,30908,61.1,43.3,9.6,11.1
Tullahoma-Manchester,TN,Micro,310M400US46100,83671,2.2,88.8,5.2,0,1.4,0.3,4.3,25.3,7.5,6,10.4,12.2,14.2,18.3,11.7,13.5,2.7,3.5,49370,17295,38.8,24.1,20273,66.8,40.3,8.3,14.1
Tulsa,OK,Metro,310M400US46140,775542,4.6,83.3,9,0.5,1.6,1.6,3.9,22.1,6.5,4.5,9.7,9.7,14.7,18.2,13.2,13.4,4.9,5.3,55633,21452,30.9,15.8,21940,65.7,33.2,13.2,10.2
Tupelo,MS,Micro,310M400US46180,109542,6.2,84.9,11.1,0,0.2,1.1,2.7,22.2,5.8,5.7,14.5,10.6,14.1,18.6,14.4,10.2,2.8,3.3,49206,16096,34.4,15.6,21543,64.4,33.7,11.7,9.9
Tuscaloosa,AL,Metro,310M400US46220,199699,5.1,85.5,9.4,0.2,0.7,0.5,3.6,25.1,11.2,6.1,10.3,10,11.2,17.7,12.2,13.9,3.7,3.8,50939,17463,32.8,18.8,22559,71.1,32.4,7.2,11.3
Twin Falls,ID,Metro,310M400US46300,83124,2.1,81.3,8,0.5,2.8,0.9,6.5,19.7,6.6,4.6,9.6,9.2,17.2,24,11.7,11.6,2.9,2.7,52292,17081,29.9,17.3,19324,70,31.5,12,9.3
Tyler,TX,Metro,310M400US46340,179671,5.5,84.8,7.9,0.5,0.5,1.3,5,23.6,9,4.7,8.4,7.5,13.4,18.2,12.9,16.1,4.5,5.4,58226,22206,34.9,13.9,33988,60.4,32.9,18.9,12
Ukiah,CA,Micro,310M400US46380,71461,5.8,68.1,14.1,0,7.9,1.3,8.6,19.6,4.3,7.4,11.1,10.5,14.8,21.4,11,12.1,3.7,3.7,51830,14861,40.4,19.9,29799,49,57.9,7.8,14.9
Urban Honolulu,HI,Metro,310M400US46520,792616,3.7,65.5,14.6,7.2,4.4,3.8,4.5,29,4.6,1.9,5.5,6.4,9.8,16.2,13,20.7,10.7,11.2,84423,22705,34.5,24.2,35601,79.8,32.8,3.4,5
Utica-Rome,NY,Metro,310M400US46540,236731,4,81.5,8.4,1.3,3.6,1,4.2,20.7,6.4,5.2,10.5,10.5,13.4,19.4,12.8,12.7,5.7,3.5,55286,14971,38,26.8,24713,67.2,44.8,4,9.8
Valdosta,GA,Metro,310M400US46660,116534,4.1,84.1,7.4,0,3.3,1.6,3.6,20.9,21.4,6.4,11.9,10.1,10.9,15.8,9.4,8.8,2.6,2.7,35186,19778,29.1,17.3,23083,67.5,29.4,19.2,22.3
Vallejo-Fairfield,CA,Metro,310M400US46700,357799,4.6,75.4,13.7,3.3,1.2,1.4,5.1,35.1,4,2.2,5.1,4.5,10.4,17.5,15.1,21,10.4,9.9,84395,18263,30.4,25.1,36844,74.6,35,4.4,5.3
Victoria,TX,Metro,310M400US47020,75935,6.1,80.9,10.1,1.3,2.8,0.8,4.2,20.3,8.3,7.2,12,10.9,10.3,15.7,13.3,12.4,5.5,4.5,51683,20365,36.6,19,23172,63.8,33.7,14.3,12.6
Vineland-Bridgeton,NJ,Metro,310M400US47220,119757,7.8,77.4,14.9,2.6,0.6,1.4,3.1,23.4,8.8,5.2,12,9.3,13.1,18.3,11.5,13.7,4.7,3.3,52795,15560,39,23.1,24212,62.2,47,8,10.3
Virginia Beach-Norfolk-Newport News,VA-NC,Metro,310M400US47260,1388930,5.1,81.2,8.5,1.4,2.8,1.6,4.4,25,6,3.4,7.6,7.7,13,18.9,14.1,16.5,6.8,5.9,65604,20184,29.5,26.5,31427,75.5,30.4,8.7,7.7
Visalia-Porterville,CA,Metro,310M400US47300,339624,10.3,78.5,13.7,1.1,1.8,0.8,4.2,23.4,8.2,7.4,11.3,10.1,14,17.1,10.9,11.8,4.5,4.7,48817,23039,28.2,16.6,24595,46.6,54.3,6.8,17.8
Waco,TX,Metro,310M400US47380,212277,3.7,83.1,9.2,0.4,2.7,1.4,3.3,19.2,9.4,6.2,12.5,9.7,13.8,16.6,12.2,12.3,4.2,3.1,47328,16401,31.2,16.9,25399,62.9,34.1,15,14.6
Walla Walla,WA,Metro,310M400US47460,53626,4.7,73.9,11.4,0.4,6.2,2.2,6,16.7,7.5,6.7,8.4,8.1,11,19.5,12.9,15.7,7.5,2.7,59704,12524,37.8,19.8,27089,61.7,45.8,7.7,5.9
Warner Robins,GA,Metro,310M400US47580,152032,5.6,85,9.8,0.1,0.5,2,2.6,23.4,4.8,4.7,9.8,11.9,15.6,16,10,14.7,5.7,6.7,54024,24356,26.6,24,27565,71.1,33.4,10.4,13.6
Warsaw,IN,Micro,310M400US47700,62008,3.2,77.6,14.8,0.4,1.9,1,4.3,18.3,4.1,3.6,5.8,11.8,16.6,23.1,13,15.1,3.4,3.4,55253,17469,31.3,18.4,17987,72.8,31,8.6,5.6
Washington-Arlington-Alexandria,DC-VA-MD-WV,Metro,310M400US47900,4975028,4.7,65.8,9.2,13,3.3,2.6,6.1,34.9,3.9,2.1,4.4,4.6,7.6,13.5,12.5,20.1,12.6,18.8,102180,31222,22.4,19.2,44186,77.8,25.8,7.5,5
Waterloo-Cedar Falls,IA,Metro,310M400US47940,136796,4.1,81.1,8.2,0.3,3.8,1.1,5.6,17.7,5.7,5.9,8.7,11.8,12,19.7,13.4,13.8,4.9,4,56245,17003,32.5,18.8,21535,74.2,38.3,3.7,9.4
Watertown-Fort Atkinson,WI,Micro,310M400US48020,70074,3,81.7,9.2,0.1,3.7,1,4.3,23.9,3.3,3.5,8.9,8.6,12.2,21.5,12.9,18.6,6.1,4.4,65651,16339,32.4,18.6,20860,78.9,31,5.2,6.4
Watertown-Fort Drum,NY,Metro,310M400US48060,87104,5,80.8,7.5,0.6,3.1,1.7,6.2,20.1,8.3,3.2,8.6,12.8,13.9,22.4,13.5,11.8,3.3,2.1,53146,11794,29.4,24.1,23375,70.1,40.9,6.1,6.7
Wausau,WI,Metro,310M400US48140,108677,2.5,80,10.3,0.5,2.3,1.5,5.4,18.1,2.9,4.3,7.8,10.1,13.3,21.6,14.9,16.4,4.8,4,62890,21572,34.4,19.7,19155,78,31.1,5.2,3.9
Weirton-Steubenville,WV-OH,Metro,310M400US48260,99614,6.1,86.6,4.7,0.5,4.4,0.1,3.6,23,8,7.6,13.1,13.1,13.3,19.5,10.1,11.4,1.6,2.4,43747,18298,43.7,29.4,17362,62.3,49.3,5.3,11.5
Wenatchee,WA,Metro,310M400US48300,93724,2.8,79.3,6.2,0.3,5.3,2,6.8,18.7,3,2.2,10.6,10.6,13.7,23.1,11.3,12.3,7.1,6,61714,24136,35.7,20.7,26929,60.6,45,10.6,6.2
Wheeling,WV-OH,Metro,310M400US48540,116836,4.1,87.6,5.8,0.5,2.1,0.7,3.3,23,5.9,7.2,11.1,11.6,14.3,18.8,13.1,11.4,3.8,2.7,49749,13589,42.3,26.1,20621,67.8,42,6.4,8.5
Whitewater-Elkhorn,WI,Micro,310M400US48580,84938,2.5,82.3,7.1,0.3,3.8,1.3,5.2,25.8,4.7,4.4,6.7,9.1,13.7,20,15,15.8,5.4,5.2,63800,17326,32.9,18.6,26168,72.9,33.7,8,6
Wichita,KS,Metro,310M400US48620,498466,4.2,82.3,10,0.4,1.7,1.9,3.8,20.3,5.5,4.3,10.6,10,13.5,19.5,12.8,14.2,5.5,4,56909,17427,30.7,19.4,19985,69.8,31.7,10.2,9.3
Wichita Falls,TX,Metro,310M400US48660,121435,5.4,76.4,9.9,0.6,7.5,1.3,4.3,17.9,9,6.1,12.2,8.9,13.7,16.2,14.4,14,3.5,2.3,50309,15360,33.8,20.4,25484,64.1,36.1,13.2,12.3
Williamsport,PA,Metro,310M400US48700,93463,5.2,82.4,9.2,0.4,4.4,0.7,2.9,21.6,7.2,3.9,10.5,8.4,13.9,21.8,13.5,14.9,2.6,3.4,55045,12444,39,21.7,24064,69.4,40.1,6.6,8.9
Wilmington,NC,Metro,310M400US48900,244872,4.3,83.4,6.2,0.4,1.9,0.6,7.4,21.6,9.7,4.4,9.9,8.2,13.9,19,12.6,12.2,4.7,5.4,52756,20241,33.3,21.5,27964,71.2,35.2,9.6,9.3
Wilson,NC,Micro,310M400US48980,64386,6.6,80.3,14.8,0.5,0.4,1.3,2.8,22.1,10.2,8.9,16.5,8.5,10.8,17.5,9.9,11,3.2,3.5,42769,17122,39.4,22.1,22514,57.7,43.3,11.7,14.6
Winchester,VA-WV,Metro,310M400US49020,114065,2.8,80,10.6,1,1.7,0.6,6.1,31.6,2.6,3.8,9.1,9.7,13.6,18.2,14.3,14.6,7.7,6.4,65170,18688,36.4,22.8,27942,67.7,33.6,11.5,9
Winston-Salem,NC,Metro,310M400US49180,541219,5,82.7,10,0.8,1,0.9,4.7,23.5,7.3,5.2,11.6,10.7,16.6,17.7,12.3,11.2,3.6,3.8,48699,20296,35.1,19.5,21233,64.1,36.6,11.2,12.1
Wisconsin Rapids-Marshfield,WI,Micro,310M400US49220,59152,2.6,85.5,7.1,0,2.3,0.5,4.5,18.8,4.5,4.7,9.4,10.3,16.3,22.4,15.6,10.8,2.2,3.9,55273,14482,37.9,22.9,20866,67.7,41.9,5.5,8.3
Wooster,OH,Micro,310M400US49300,91122,3.1,79.9,10,0,3.2,2.1,4.8,20.8,4,2.4,10,10.4,14.2,23,17,13,3.3,2.8,59111,12498,38.1,23.3,24449,67.5,32.8,13.5,4.4
Worcester,MA-CT,Metro,310M400US49340,775749,4.8,80.7,7.4,1.7,3.1,1.7,5.4,30.2,5.3,3.9,8.6,6.6,10.8,17.2,12.8,16.9,8.9,8.9,70869,22712,31.2,16.9,29576,73.5,37,2.6,6.2
Yakima,WA,Metro,310M400US49420,184095,5.1,83.9,9.9,0.2,2,2.1,1.8,19.5,6.8,5.3,10.8,8.7,16.1,20.3,14.1,11.5,4,2.4,51555,13527,31.4,17.9,24500,45.5,49.9,15.4,12.7
York-Hanover,PA,Metro,310M400US49620,361664,4.5,82.7,9.6,0.7,1.1,1,4.8,27,4.6,3.6,7.7,9.1,12.5,19.8,14.5,16.6,6.8,4.7,65239,18327,34.9,22.2,21404,74.1,36,5.4,6
Youngstown-Warren-Boardman,OH-PA,Metro,310M400US49660,445710,6.8,84,7.3,0.9,2,1.6,4.3,21.8,8.1,6.2,12.1,10.7,14.5,18.6,12.1,11.9,3.3,2.6,47476,16561,40.7,26,20788,62,47.1,5.9,13.2
Yuba City,CA,Metro,310M400US49700,133540,8.7,77.1,12.3,0.4,1.9,2.6,5.7,29.2,5.1,5.2,9.5,10.6,15.9,16.4,13,14.5,6.6,3,54745,18780,34.2,23,32835,58.1,45.2,7.6,11.1
Yuma,AZ,Metro,310M400US49740,164347,7.6,82.1,12.6,0.7,1.7,1,1.9,20.2,8.2,5.2,13.9,13.2,14.1,17.9,12.4,10,3.2,1.8,43403,15632,35.5,22.6,27414,55.3,50.7,9.7,16.3
Zanesville,OH,Micro,310M400US49780,69228,5.7,83.9,8.1,0.5,4.5,1,2,25.4,8.3,6.2,12.7,9.4,13.7,17.7,13.5,13.4,2.9,2.1,49602,16146,35.4,24.9,32332,61.5,45.2,5.5,13.4
